"LOAD_DATE,""PERSONAL_CODE"",""FULL_NAME"",""DEPARTMENT_NAME"",""DEPARTMENT_CODE"",""SECTION_NAME"",""SECTION_CODE"",""SUB_SECTION_NAME"",""SUB_SECTION_CODE"",""POSITION"",""POSITION_CODE"",""VACATION_TYPE_CODE"",""VACATION_TYPE_NAME"",""VACATION_START_DATE"",""VACATION_END_DATE"",""DAYS"",""AKTIV_PLANED"",""GRAFIK"",""START_WORK_YEAR"",""END_WORK_YEAR"",""PAYMENT_MONTH"",""ORDER_NUMBER"",""REJECT_STATUS"",""ILLNESS_FORM_NUMBER"",""REPLACEMENT_2"",""REPLACEMENT"",""WORK_DATE"",""INCLUSION_PERIOD"",""X_V_EXTENSION"",""HIK_TYPE"",""VACATIONS_DAYS"",""X_V_EXTENSION2"",""ORDER_DATE"",""X_V_DATE"",""BIRTH_CERTIFICATE_DATE"",""FIRST_BIRTH_DATE"""
"2026-08-19 00:00:00.000,""10002"",Məmmədov Yaşar Zeynalabdı oğlu,""Idarə heyətinin sədri, Baş icraçı direktor"",""1104100000"",-,-,-,-,Idarə Heyəti Sədrinin müavini,""4003"",""14"",Əmək məzuniyyət,20180205,20180216,12,,VAC,0,0, 02/2018,""123`"",,,,,,,,,,""06584"",20180122,0,0,0"
"2026-08-19 00:00:00.000,""10002"",Məmmədov Yaşar Zeynalabdı oğlu,""Idarə heyətinin sədri, Baş icraçı direktor"",""1104100000"",-,-,-,-,Idarə Heyəti Sədrinin müavini,""4003"",""14"",Əmək məzuniyyət,20180521,20180525,5,,VAC,0,0, 05/2018,""885`"",,,,,,,,,,""24541"",20180502,0,0,0"
"2026-08-19 00:00:00.000,""10002"",Məmmədov Yaşar Zeynalabdı oğlu,""Idarə heyətinin sədri, Baş icraçı direktor"",""1104100000"",-,-,-,-,Idarə Heyəti Sədrinin müavini,""4003"",""14"",Əmək məzuniyyət,20180924,20181007,14,,VAC,20170929,20180929, 09/2018,,,,,,,,,,,""19279"",0,0,0,0"
"2026-08-19 00:00:00.000,""10002"",Məmmədov Yaşar Zeynalabdı oğlu,""Idarə heyətinin sədri, Baş icraçı direktor"",""1104100000"",-,-,-,-,Idarə Heyəti Sədrinin müavini,""4003"",""14"",Əmək məzuniyyət,20190208,20190226,19,,VAC,20170929,20180929, 02/2019,""185s"",,,,,,,,,,""01585"",0,0,0,0"
"2026-08-19 00:00:00.000,""10002"",Məmmədov Yaşar Zeynalabdı oğlu,""Idarə heyətinin sədri, Baş icraçı direktor"",""1104100000"",-,-,-,-,Idarə Heyəti Sədrinin müavini,""4003"",""14"",Əmək məzuniyyət,20190408,20190409,2,,VAC,20180929,20190928, 04/2019,""779s"",,,,,""10/04/2019"",,,,,""03284"",20190403,0,0,0"
"2026-08-19 00:00:00.000,""10002"",Məmmədov Yaşar Zeynalabdı oğlu,""Idarə heyətinin sədri, Baş icraçı direktor"",""1104100000"",-,-,-,-,Idarə Heyəti Sədrinin müavini,""4003"",""14"",Əmək məzuniyyət,20190819,20190831,13,A,VAC,20180929,20190929, 08/2019,""2610`"",,,,,""02/09/2019"",,,,,""07342"",20190731,0,0,0"
"2026-08-19 00:00:00.000,""10002"",Məmmədov Yaşar Zeynalabdı oğlu,""Idarə heyətinin sədri, Baş icraçı direktor"",""1104100000"",-,-,-,-,Idarə Heyəti Sədrinin müavini,""4003"",""14"",Əmək məzuniyyət,20191228,20191230,3,A,VAC,20180929,20190929, 12/2019,""5075`"",,,,,""07/01/2020"",,,,,""08726"",20191216,0,0,0"
"2026-08-19 00:00:00.000,""10002"",Məmmədov Yaşar Zeynalabdı oğlu,""Idarə heyətinin sədri, Baş icraçı direktor"",""1104100000"",-,-,-,-,Idarə Heyəti Sədrinin müavini,""4003"",""14"",Əmək məzuniyyət,20200206,20200214,9,A,VAC,20180929,20190929, 02/2020,""443`-1"",,,,""10658"",""17/02/2020"", 11/2022,,,,""09154"",20200128,0,0,0"
"2026-08-19 00:00:00.000,""10002"",Məmmədov Yaşar Zeynalabdı oğlu,""Idarə heyətinin sədri, Baş icraçı direktor"",""1104100000"",-,-,-,-,Idarə Heyəti Sədrinin müavini,""4003"",""14"",Əmək məzuniyyət,20200215,20200221,7,A,VAC,20190929,20200929, 02/2020,""443`-2"",,,,,""24/02/2020"",,,,,""09153"",20200128,0,0,0"
"2026-08-19 00:00:00.000,""10002"",Məmmədov Yaşar Zeynalabdı oğlu,""Idarə heyətinin sədri, Baş icraçı direktor"",""1104100000"",-,-,-,-,Idarə Heyəti Sədrinin müavini,""4003"",""14"",Əmək məzuniyyət,20200824,20200831,8,A,VAC,20190929,20200929, 08/2020,""3820`"",,,,,""01/09/2020"",,,,,""11848"",20200818,0,0,0"
"2026-08-19 00:00:00.000,""10002"",Məmmədov Yaşar Zeynalabdı oğlu,""Idarə heyətinin sədri, Baş icraçı direktor"",""1104100000"",-,-,-,-,Idarə Heyəti Sədrinin müavini,""4003"",""14"",Əmək məzuniyyət,20211004,20211010,7,A,VAC,20190929,20200929, 10/2021,""7171`"",,,,,""11/10/2021"", 10/2021,,,,""17659"",20211001,0,0,0"
"2026-08-19 00:00:00.000,""10002"",Məmmədov Yaşar Zeynalabdı oğlu,""Idarə heyətinin sədri, Baş icraçı direktor"",""1104100000"",-,-,-,-,Idarə Heyəti Sədrinin müavini,""4003"",""14"",Əmək məzuniyyət,20211125,20211130,6,A,VAC,20190929,20200929, 11/2021,""9034`"",,,,,""01/12/2021"", 11/2021,,,,""18433"",20211122,0,0,0"
"2026-08-19 00:00:00.000,""10002"",Məmmədov Yaşar Zeynalabdı oğlu,""Idarə heyətinin sədri, Baş icraçı direktor"",""1104100000"",-,-,-,-,Idarə Heyəti Sədrinin müavini,""4003"",""14"",Əmək məzuniyyət,20220113,20220121,8,A,VAC,20190929,20200929, 01/2022,""09`"",,,,,""24/01/2022"", 01/2022,,,,""19013"",20220105,0,0,0"
"2026-08-19 00:00:00.000,""10002"",Məmmədov Yaşar Zeynalabdı oğlu,""Idarə heyətinin sədri, Baş icraçı direktor"",""1104100000"",-,-,-,-,Idarə Heyəti Sədrinin müavini,""4003"",""14"",Əmək məzuniyyət,20220122,20220131,10,A,VAC,20200929,20210929, 01/2022,""09`2"",,,,,""01/02/2022"", 01/2022,,,,""19012"",20220105,0,0,0"
"2026-08-19 00:00:00.000,""10002"",Məmmədov Yaşar Zeynalabdı oğlu,""Idarə heyətinin sədri, Baş icraçı direktor"",""1104100000"",-,-,-,-,Idarə Heyəti Sədrinin müavini,""4003"",""14"",Əmək məzuniyyət,20220304,20220304,1,A,VAC,20200929,20210929, 03/2022,""2024`"",,,,,""07/03/2022"", 03/2022,,,,""20056"",20220302,0,0,0"
"2026-08-19 00:00:00.000,""10002"",Məmmədov Yaşar Zeynalabdı oğlu,""Idarə heyətinin sədri, Baş icraçı direktor"",""1104100000"",-,-,-,-,Idarə Heyəti Sədrinin müavini,""4003"",""14"",Əmək məzuniyyət,20220305,20220306,2,A,VAC,20200929,20210929, 03/2022,""2069`"",,,,,""09/03/2022"", 03/2022,,,,""20160"",20220304,0,0,0"
"2026-08-19 00:00:00.000,""10002"",Məmmədov Yaşar Zeynalabdı oğlu,""Idarə heyətinin sədri, Baş icraçı direktor"",""1104100000"",-,-,-,-,Idarə Heyəti Sədrinin müavini,""4003"",""14"",Əmək məzuniyyət,20220307,20220307,1,A,VAC,20200929,20210929, 03/2022,""2024` 2"",,,,,""09/03/2022"", 03/2022,,,,""20057"",20220302,0,0,0"
"2026-08-19 00:00:00.000,""10002"",Məmmədov Yaşar Zeynalabdı oğlu,""Idarə heyətinin sədri, Baş icraçı direktor"",""1104100000"",-,-,-,-,Idarə Heyəti Sədrinin müavini,""4003"",""14"",Əmək məzuniyyət,20220610,20220612,3,A,VAC,20200929,20210929, 06/2022,""5771`"",,,,""10658"",""13/06/2022"", 06/2022,,,,""22037"",20220609,0,0,0"
"2026-08-19 00:00:00.000,""10002"",Məmmədov Yaşar Zeynalabdı oğlu,""Idarə heyətinin sədri, Baş icraçı direktor"",""1104100000"",-,-,-,-,Idarə Heyəti Sədrinin müavini,""4003"",""14"",Əmək məzuniyyət,20220620,20220627,7,A,VAC,20200929,20210929, 06/2022,""6101`"",,,,""10658"",""28/06/2022"", 06/2022,,,,""22152"",20220617,0,0,0"
"2026-08-19 00:00:00.000,""10002"",Məmmədov Yaşar Zeynalabdı oğlu,""Idarə heyətinin sədri, Baş icraçı direktor"",""1104100000"",-,-,-,-,Idarə Heyəti Sədrinin müavini,""4003"",""14"",Əmək məzuniyyət,20220805,20220814,10,A,VAC,20200929,20210929, 08/2022,""8592`"",,,,""10658"",""15/08/2022"", 11/2022,,,,""23131"",20220801,0,0,0"
"2026-08-19 00:00:00.000,""10002"",Məmmədov Yaşar Zeynalabdı oğlu,""Idarə heyətinin sədri, Baş icraçı direktor"",""1104100000"",-,-,-,-,Idarə Heyəti Sədrinin müavini,""4003"",""14"",Əmək məzuniyyət,20220902,20220903,2,A,VAC,20200929,20210929, 09/2022,""10578`"",,,,,""05/09/2022"", 08/2022,,,,""23882"",20220831,0,0,0"
"2026-08-19 00:00:00.000,""10002"",Məmmədov Yaşar Zeynalabdı oğlu,""Idarə heyətinin sədri, Baş icraçı direktor"",""1104100000"",-,-,-,-,Idarə Heyəti Sədrinin müavini,""4003"",""14"",Əmək məzuniyyət,20220904,20220911,8,A,VAC,20210929,20220929, 09/2022,""10578`1"",,,,,""12/09/2022"", 08/2022,,,,""23881"",20220831,0,0,0"
"2026-08-19 00:00:00.000,""10002"",Məmmədov Yaşar Zeynalabdı oğlu,""Idarə heyətinin sədri, Baş icraçı direktor"",""1104100000"",-,-,-,-,Idarə Heyəti Sədrinin müavini,""4003"",""14"",Əmək məzuniyyət,20221007,20221009,3,A,VAC,20210929,20220929, 10/2022,""12936`"",,,,""10722"",""10/10/2022"", 09/2022,,,,""24572"",20221006,0,0,0"
"2026-08-19 00:00:00.000,""10002"",Məmmədov Yaşar Zeynalabdı oğlu,""Idarə heyətinin sədri, Baş icraçı direktor"",""1104100000"",-,-,-,-,Idarə Heyəti Sədrinin müavini,""4003"",""14"",Əmək məzuniyyət,20221014,20221017,4,A,VAC,20210929,20220929, 10/2022,""12936`1"",,,,""10658"",""18/10/2022"", 09/2022,,,,""24573"",20221006,0,0,0"
"2026-08-19 00:00:00.000,""10002"",Məmmədov Yaşar Zeynalabdı oğlu,""Idarə heyətinin sədri, Baş icraçı direktor"",""1104100000"",-,-,-,-,Idarə Heyəti Sədrinin müavini,""4003"",""14"",Əmək məzuniyyət,20221021,20221023,3,A,VAC,20210929,20220929, 10/2022,""12936`2"",,,,""10658"",""24/10/2022"", 09/2022,,,,""24574"",20221006,0,0,0"
"2026-08-19 00:00:00.000,""10002"",Məmmədov Yaşar Zeynalabdı oğlu,""Idarə heyətinin sədri, Baş icraçı direktor"",""1104100000"",-,-,-,-,Idarə Heyəti Sədrinin müavini,""4003"",""14"",Əmək məzuniyyət,20221028,20221031,4,A,VAC,20210929,20220929, 10/2022,""12936`3"",,,,""10658"",""01/11/2022"", 11/2022,,,,""24575"",20221006,0,0,0"
"2026-08-19 00:00:00.000,""10002"",Məmmədov Yaşar Zeynalabdı oğlu,""Idarə heyətinin sədri, Baş icraçı direktor"",""1104100000"",-,-,-,-,Idarə Heyəti Sədrinin müavini,""4003"",""14"",Əmək məzuniyyət,20230206,20230217,12,A,VAC,20210929,20220929, 02/2023,""2114`"",,,,""10658"",""20/02/2023"", 02/2023,,,,""26411"",20230201,0,0,0"
"2026-08-19 00:00:00.000,""10002"",Məmmədov Yaşar Zeynalabdı oğlu,""Idarə heyətinin sədri, Baş icraçı direktor"",""1104100000"",-,-,-,-,Idarə Heyəti Sədrinin müavini,""4003"",""14"",Əmək məzuniyyət,20230309,20230310,2,A,VAC,20210929,20220929, 03/2023,""5092`"",,,,""10658"",""13/03/2023"", 03/2023,,,,,20230302,0,0,0"
"2026-08-19 00:00:00.000,""10002"",Məmmədov Yaşar Zeynalabdı oğlu,""Idarə heyətinin sədri, Baş icraçı direktor"",""1104100000"",-,-,-,-,Idarə Heyəti Sədrinin müavini,""4003"",""14"",Əmək məzuniyyət,20230407,20230409,3,A,VAC,20220929,20230929, 04/2023,""7101`"",,,,""10658"",""10/04/2023"", 04/2023,,,,""27312"",20230407,0,0,0"
"2026-08-19 00:00:00.000,""10002"",Məmmədov Yaşar Zeynalabdı oğlu,""Idarə heyətinin sədri, Baş icraçı direktor"",""1104100000"",-,-,-,-,Idarə Heyəti Sədrinin müavini,""4003"",""14"",Əmək məzuniyyət,20230616,20230625,10,A,VAC,20220929,20230929, 06/2023,""12034`"",,,,""10722"",""03/07/2023"", 06/2023,,,,""28028"",20230606,0,0,0"
"2026-08-19 00:00:00.000,""10002"",Məmmədov Yaşar Zeynalabdı oğlu,""Idarə heyətinin sədri, Baş icraçı direktor"",""1104100000"",-,-,-,-,Idarə Heyəti Sədrinin müavini,""4003"",""14"",Əmək məzuniyyət,20230727,20230729,3,A,VAC,20220929,20230929, 07/2023,""17443 `"",,,,""10658"",""31/07/2023"", 07/2023,,,,""28925"",20230725,0,0,0"
"2026-08-19 00:00:00.000,""10002"",Məmmədov Yaşar Zeynalabdı oğlu,""Idarə heyətinin sədri, Baş icraçı direktor"",""1104100000"",-,-,-,-,Idarə Heyəti Sədrinin müavini,""4003"",""14"",Əmək məzuniyyət,20230904,20230905,2,A,VAC,20220929,20230929, 09/2023,""22582 `"",,,,""10658"",""06/09/2023"", 09/2023,,,,,20230904,0,0,0"
"2026-08-19 00:00:00.000,""10002"",Məmmədov Yaşar Zeynalabdı oğlu,""Idarə heyətinin sədri, Baş icraçı direktor"",""1104100000"",-,-,-,-,Idarə Heyəti Sədrinin müavini,""4003"",""14"",Əmək məzuniyyət,20230928,20230929,2,A,VAC,20220929,20230929, 09/2023,""25305 `"",,,,""10658"",""02/10/2023"", 09/2023,,,,,20230926,0,0,0"
"2026-08-19 00:00:00.000,""10002"",Məmmədov Yaşar Zeynalabdı oğlu,""Idarə heyətinin sədri, Baş icraçı direktor"",""1104100000"",-,-,-,-,Idarə Heyəti Sədrinin müavini,""4003"",""14"",Əmək məzuniyyət,20231016,20231031,16,A,VAC,20220929,20230929, 10/2023,""26653 `"",,,,""10658"",""01/11/2023"", 02/2024,,,,,20231006,0,0,0"
"2026-08-19 00:00:00.000,""10002"",Məmmədov Yaşar Zeynalabdı oğlu,""Idarə heyətinin sədri, Baş icraçı direktor"",""1104100000"",-,-,-,-,Idarə Heyəti Sədrinin müavini,""4003"",""14"",Əmək məzuniyyət,20240209,20240209,1,A,VAC,20230929,20240929, 02/2024,""3187 `"",,,,,""12/02/2024"", 02/2024,,,,""32221"",20240208,0,0,0"
"2026-08-19 00:00:00.000,""10002"",Məmmədov Yaşar Zeynalabdı oğlu,""Idarə heyətinin sədri, Baş icraçı direktor"",""1104100000"",-,-,-,-,Idarə Heyəti Sədrinin müavini,""4003"",""14"",Əmək məzuniyyət,20240212,20240223,12,A,VAC,20230929,20240929, 02/2024,""3187 `1"",,,,,""26/02/2024"", 02/2024,,,,""32222"",20240208,0,0,0"
"2026-08-19 00:00:00.000,""10002"",Məmmədov Yaşar Zeynalabdı oğlu,""Idarə heyətinin sədri, Baş icraçı direktor"",""1104100000"",-,-,-,-,Idarə Heyəti Sədrinin müavini,""4003"",""14"",Əmək məzuniyyət,20240307,20240307,1,A,VAC,20230929,20240929, 03/2024,""5797 `"",,,,,""11/03/2024"", 03/2024,,,,,20240301,0,0,0"
"2026-08-19 00:00:00.000,""10002"",Məmmədov Yaşar Zeynalabdı oğlu,""Idarə heyətinin sədri, Baş icraçı direktor"",""1104100000"",-,-,-,-,Idarə Heyəti Sədrinin müavini,""4003"",""14"",Əmək məzuniyyət,20240510,20240510,1,A,VAC,20230929,20240929, 05/2024,""10878 `"",,,,,""13/05/2024"", 05/2024,,,,,20240506,0,0,0"
"2026-08-19 00:00:00.000,""10002"",Məmmədov Yaşar Zeynalabdı oğlu,""Idarə heyətinin sədri, Baş icraçı direktor"",""1104100000"",-,-,-,-,Idarə Heyəti Sədrinin müavini,""4003"",""14"",Əmək məzuniyyət,20240801,20240809,9,A,VAC,20230929,20240929, 08/2024,""20667 `"",,,,,""12/08/2024"", 07/2024,,,,,20240723,0,0,0"
"2026-08-19 00:00:00.000,""10002"",Məmmədov Yaşar Zeynalabdı oğlu,""Idarə heyətinin sədri, Baş icraçı direktor"",""1104100000"",-,-,-,-,Idarə Heyəti Sədrinin müavini,""4003"",""14"",Əmək məzuniyyət,20241003,20241004,2,A,VAC,20230929,20240929, 10/2024,""30788 `"",,,,,""07/10/2024"", 09/2024,,,,,20240927,0,0,0"
"2026-08-19 00:00:00.000,""10002"",Məmmədov Yaşar Zeynalabdı oğlu,""Idarə heyətinin sədri, Baş icraçı direktor"",""1104100000"",-,-,-,-,Idarə Heyəti Sədrinin müavini,""4003"",""14"",Əmək məzuniyyət,20241007,20241007,1,A,VAC,20230929,20240929, 10/2024,""30787 `"",,,,,""08/10/2024"", 09/2024,,,,,20240927,0,0,0"
"2026-08-19 00:00:00.000,""10002"",Məmmədov Yaşar Zeynalabdı oğlu,""Idarə heyətinin sədri, Baş icraçı direktor"",""1104100000"",-,-,-,-,Idarə Heyəti Sədrinin müavini,""4003"",""14"",Əmək məzuniyyət,20241202,20241206,5,A,VAC,20230929,20240929, 12/2024,""38585 `"",,,,,""09/12/2024"", 11/2024,,,,,20241122,0,0,0"
"2026-08-19 00:00:00.000,""10002"",Məmmədov Yaşar Zeynalabdı oğlu,""Idarə heyətinin sədri, Baş icraçı direktor"",""1104100000"",-,-,-,-,Idarə Heyəti Sədrinin müavini,""4003"",""14"",Əmək məzuniyyət,20250210,20250213,4,A,VAC,20230929,20240929, 02/2025,""3272 `"",,-,,,""14/02/2025"", 02/2025,,,,,20250204,0,0,0"
"2026-08-19 00:00:00.000,""10002"",Məmmədov Yaşar Zeynalabdı oğlu,""Idarə heyətinin sədri, Baş icraçı direktor"",""1104100000"",-,-,-,-,Idarə Heyəti Sədrinin müavini,""4003"",""14"",Əmək məzuniyyət,20250214,20250214,1,A,VAC,20240929,20250929, 02/2025,""3272 `1"",,,,,""17/02/2025"", 02/2025,,,,""38283"",20250204,0,0,0"
"2026-08-19 00:00:00.000,""10002"",Məmmədov Yaşar Zeynalabdı oğlu,""Idarə heyətinin sədri, Baş icraçı direktor"",""1104100000"",-,-,-,-,Idarə Heyəti Sədrinin müavini,""4003"",""14"",Əmək məzuniyyət,20250306,20250310,4,A,VAC,20240929,20250929, 03/2025,""7064 `"",,-,,,""11/03/2025"", 02/2025,,,,,20250228,0,0,0"
"2026-08-19 00:00:00.000,""10002"",Məmmədov Yaşar Zeynalabdı oğlu,""Idarə heyətinin sədri, Baş icraçı direktor"",""1104100000"",-,-,-,-,Idarə Heyəti Sədrinin müavini,""4003"",""14"",Əmək məzuniyyət,20250522,20250524,3,A,VAC,20240929,20250929, 05/2025,""16219 `"",,-,,,""26/05/2025"", 05/2025,,,,,20250516,0,0,0"
"2026-08-19 00:00:00.000,""10002"",Məmmədov Yaşar Zeynalabdı oğlu,""Idarə heyətinin sədri, Baş icraçı direktor"",""1104100000"",-,-,-,-,Idarə Heyəti Sədrinin müavini,""4003"",""14"",Əmək məzuniyyət,20250704,20250706,3,A,VAC,20240929,20250929, 07/2025,""22563 `"",,-,,,""07/07/2025"", 07/2025,,,,,20250703,0,0,0"
"2026-08-19 00:00:00.000,""10002"",Məmmədov Yaşar Zeynalabdı oğlu,""Idarə heyətinin sədri, Baş icraçı direktor"",""1104100000"",-,-,-,-,Idarə Heyəti Sədrinin müavini,""4003"",""14"",Əmək məzuniyyət,20250818,20250824,7,A,VAC,20240929,20250929, 08/2025,""30453 `"",,-,,,""25/08/2025"", 08/2025,,,,,20250811,0,0,0"
"2026-08-19 00:00:00.000,""10002"",Məmmədov Yaşar Zeynalabdı oğlu,""Idarə heyətinin sədri, Baş icraçı direktor"",""1104100000"",-,-,-,-,Idarə Heyəti Sədrinin müavini,""4003"",""14"",Əmək məzuniyyət,20260507,20260508,2,A,VAC,20240929,20250929, 05/2026,""14377 `"",,-,,,""12/05/2026"", 05/2026,,,,,20260504,0,0,0"
"2026-08-19 00:00:00.000,""10002"",Məmmədov Yaşar Zeynalabdı oğlu,""Idarə heyətinin sədri, Baş icraçı direktor"",""1104100000"",-,-,-,-,Idarə Heyəti Sədrinin müavini,""4003"",""14"",Əmək məzuniyyət,20260605,20260614,10,A,VAC,20240929,20250929, 06/2026,""17561 `"",,-,,,""16/06/2026"", 05/2026,,,,,20260526,0,0,0"
"2026-08-19 00:00:00.000,""10002"",Məmmədov Yaşar Zeynalabdı oğlu,""Idarə heyətinin sədri, Baş icraçı direktor"",""1104100000"",-,-,-,-,Idarə Heyəti Sədrinin müavini,""4003"",""14"",Əmək məzuniyyət,20260824,20260828,5,A,VAC,20240929,20250929, 08/2026,""32113 `"",,-,,,""31/08/2026"", 08/2026,,,,,20260814,0,0,0"
"2026-08-19 00:00:00.000,""10003"",Şirəliyev Murad Oqtay,Rəhbərlik,""10100000"",-,-,-,-,Idarə Heyətinin Sədrinin Müavini,IHSM,""14"",Əmək məzuniyyət,20100901,20100908,8,,VAC,0,0, 08/2010,""355`"",,,,,,,,,,""25661"",20100826,0,0,0"
"2026-08-19 00:00:00.000,""10009"",Əliyeva Tamara Imran,Insan resurslarının idarə edilməsi,""2047000000"",Əmək münasibətlərinin idarə edilməsi şöbəsi,""2047020000"",-,-,Şöbə rəisi,""4013"",""14"",Əmək məzuniyyət,20160412,20160422,11,,VAC,20150502,20160502, 04/2016,""467`"",,,,,,,,,,""34034"",20160408,0,0,0"
"2026-08-19 00:00:00.000,""10009"",Əliyeva Tamara Imran,Insan resurslarının idarə edilməsi,""2047000000"",Əmək münasibətlərinin idarə edilməsi şöbəsi,""2047020000"",-,-,Şöbə rəisi,""4013"",""14"",Əmək məzuniyyət,20161118,20161213,26,,VAC,20150502,20160502, 11/2016,""2148`"",,,,,,,,,,""24246"",20161115,0,0,0"
"2026-08-19 00:00:00.000,""10009"",Əliyeva Tamara Imran,Insan resurslarının idarə edilməsi,""2047000000"",Əmək münasibətlərinin idarə edilməsi şöbəsi,""2047020000"",-,-,Şöbə rəisi,""4013"",""14"",Əmək məzuniyyət,20170508,20170508,1,,VAC,20160502,20170502, 05/2017,""919`"",,,,,,,,,,""20592"",20170508,0,0,0"
"2026-08-19 00:00:00.000,""10009"",Əliyeva Tamara Imran,Insan resurslarının idarə edilməsi,""2047000000"",Əmək münasibətlərinin idarə edilməsi şöbəsi,""2047020000"",-,-,Şöbə rəisi,""4013"",""14"",Əmək məzuniyyət,20170616,20170616,1,,VAC,20160502,20170502, 06/2017,""1321`"",,,,,,,,,,""32072"",20170616,0,0,0"
"2026-08-19 00:00:00.000,""10009"",Əliyeva Tamara Imran,Insan resurslarının idarə edilməsi,""2047000000"",Əmək münasibətlərinin idarə edilməsi şöbəsi,""2047020000"",-,-,Şöbə rəisi,""4013"",""14"",Əmək məzuniyyət,20170804,20170815,12,,VAC,20160502,20170502, 08/2017,""1652`"",,,,,,,,,,""37678"",20170726,0,0,0"
"2026-08-19 00:00:00.000,""10009"",Əliyeva Tamara Imran,Insan resurslarının idarə edilməsi,""2047000000"",Əmək münasibətlərinin idarə edilməsi şöbəsi,""2047020000"",-,-,Şöbə rəisi,""4013"",""14"",Əmək məzuniyyət,20180214,20180304,19,,VAC,20160502,20170502, 02/2018,""342`"",,,,,,,,,,""36590"",20180214,0,0,0"
"2026-08-19 00:00:00.000,""10009"",Əliyeva Tamara Imran,Insan resurslarının idarə edilməsi,""2047000000"",Əmək münasibətlərinin idarə edilməsi şöbəsi,""2047020000"",-,-,Şöbə rəisi,""4013"",""14"",Əmək məzuniyyət,20180706,20180719,14,,VAC,0,0, 07/2018,""1330`"",,,,,,,,,,""04252"",20180705,0,0,0"
"2026-08-19 00:00:00.000,""10009"",Əliyeva Tamara Imran,Insan resurslarının idarə edilməsi,""2047000000"",Əmək münasibətlərinin idarə edilməsi şöbəsi,""2047020000"",-,-,Şöbə rəisi,""4013"",""14"",Əmək məzuniyyət,20190122,20190127,6,,VAC,20170502,20180502, 01/2019,""166s"",,,,,,,,,,""01422"",0,0,0,0"
"2026-08-19 00:00:00.000,""10009"",Əliyeva Tamara Imran,Insan resurslarının idarə edilməsi,""2047000000"",Əmək münasibətlərinin idarə edilməsi şöbəsi,""2047020000"",-,-,Şöbə rəisi,""4013"",""14"",Əmək məzuniyyət,20190521,20190524,4,A,VAC,20170502,20180502, 05/2019,""1181`"",,,,,""27/05/2019"",,,,,""04953"",20190521,0,0,0"
"2026-08-19 00:00:00.000,""10009"",Əliyeva Tamara Imran,Insan resurslarının idarə edilməsi,""2047000000"",Əmək münasibətlərinin idarə edilməsi şöbəsi,""2047020000"",-,-,Şöbə rəisi,""4013"",""14"",Əmək məzuniyyət,20190902,20190915,14,A,VAC,20170501,20180501, 09/2019,""3241`"",,,,""11382"",""16/09/2019"",,,,,,20190829,0,0,0"
"2026-08-19 00:00:00.000,""10009"",Əliyeva Tamara Imran,Insan resurslarının idarə edilməsi,""2047000000"",Əmək münasibətlərinin idarə edilməsi şöbəsi,""2047020000"",-,-,Şöbə rəisi,""4013"",""14"",Əmək məzuniyyət,20191120,20191120,1,A,VAC,20170501,20180501, 11/2019,""4603`-1"",,,,""11382"",""21/11/2019"",,,,,,20191119,0,0,0"
"2026-08-19 00:00:00.000,""10009"",Əliyeva Tamara Imran,Insan resurslarının idarə edilməsi,""2047000000"",Əmək münasibətlərinin idarə edilməsi şöbəsi,""2047020000"",-,-,Şöbə rəisi,""4013"",""14"",Əmək məzuniyyət,20191121,20191129,9,A,VAC,20180501,20190501, 11/2019,""4603`-2"",,,,""11382"",""02/12/2019"",,,,,""08469"",20191119,0,0,0"
"2026-08-19 00:00:00.000,""10009"",Əliyeva Tamara Imran,Insan resurslarının idarə edilməsi,""2047000000"",Əmək münasibətlərinin idarə edilməsi şöbəsi,""2047020000"",-,-,Şöbə rəisi,""4013"",""14"",Əmək məzuniyyət,20200304,20200305,2,A,VAC,20180501,20190501, 03/2020,""1281 `"",,,,""11382"",""06/03/2020"",,,,,,20200306,0,0,0"
"2026-08-19 00:00:00.000,""10009"",Əliyeva Tamara Imran,Insan resurslarının idarə edilməsi,""2047000000"",Əmək münasibətlərinin idarə edilməsi şöbəsi,""2047020000"",-,-,Şöbə rəisi,""4013"",""14"",Əmək məzuniyyət,20200401,20200425,25,A,VAC,20180501,20190501, 04/2020,""1539s"",,,,,""27/04/2020"",,,,,,20200331,0,0,0"
"2026-08-19 00:00:00.000,""10009"",Əliyeva Tamara Imran,Insan resurslarının idarə edilməsi,""2047000000"",Əmək münasibətlərinin idarə edilməsi şöbəsi,""2047020000"",-,-,Şöbə rəisi,""4013"",""14"",Əmək məzuniyyət,20200427,20200515,18,A,VAC,20190501,20200501, 04/2020,""2214`"",,,,""11382"",""18/05/2020"",,,,,,20200427,0,0,0"
"2026-08-19 00:00:00.000,""10009"",Əliyeva Tamara Imran,Insan resurslarının idarə edilməsi,""2047000000"",Əmək münasibətlərinin idarə edilməsi şöbəsi,""2047020000"",-,-,Şöbə rəisi,""4013"",""14"",Əmək məzuniyyət,20200717,20200721,5,A,VAC,20190501,20200501, 07/2020,""3208`"",,,,""11382"",""22/07/2020"",,,,,,20200716,0,0,0"
"2026-08-19 00:00:00.000,""10009"",Əliyeva Tamara Imran,Insan resurslarının idarə edilməsi,""2047000000"",Əmək münasibətlərinin idarə edilməsi şöbəsi,""2047020000"",-,-,Şöbə rəisi,""4013"",""14"",Əmək məzuniyyət,20201110,20201113,4,A,VAC,20190502,20200502, 11/2020,""5291`"",,,,""11382"",""16/11/2020"", 06/2021,,,,,20201106,0,0,0"
"2026-08-19 00:00:00.000,""10009"",Əliyeva Tamara Imran,Insan resurslarının idarə edilməsi,""2047000000"",Əmək münasibətlərinin idarə edilməsi şöbəsi,""2047020000"",-,-,Şöbə rəisi,""4013"",""30"",Məzuniyyətdən geri çağırılma,20161205,20161213,9,,VAC,0,0, 12/2016,""2289`"",,,,,,,,,,""35887"",20161205,0,0,0"
"2026-08-19 00:00:00.000,""10010"",Cəlilova Elmira Şirin,Təşkilati inkişaf və HR texnologiyaları departamenti,""2827000000"",""HR TechOps, performans və data funksional sahəsi"",""2829200000"",Ecosystem HR operations & Service Delivery,""2829230000"",Baş mütəxəssis,""4011"",""14"",Əmək məzuniyyət,20101021,20101128,36,,VAC,0,0, 10/2010,""448 >"",,,,,,,,,,""00463"",0,0,0,0"
"2026-08-19 00:00:00.000,""10010"",Cəlilova Elmira Şirin,Təşkilati inkişaf və HR texnologiyaları departamenti,""2827000000"",""HR TechOps, performans və data funksional sahəsi"",""2829200000"",Ecosystem HR operations & Service Delivery,""2829230000"",Baş mütəxəssis,""4011"",""14"",Əmək məzuniyyət,20111124,20111230,37,,VAC,0,0, 11/2011,""424`"",,,,,,,,,,""10746"",20111116,0,0,0"
"2026-08-19 00:00:00.000,""10010"",Cəlilova Elmira Şirin,Təşkilati inkişaf və HR texnologiyaları departamenti,""2827000000"",""HR TechOps, performans və data funksional sahəsi"",""2829200000"",Ecosystem HR operations & Service Delivery,""2829230000"",Baş mütəxəssis,""4011"",""14"",Əmək məzuniyyət,20121112,20121218,37,,VAC,0,0, 11/2012,""469`"",,,,,,,,,,""19044"",20121102,0,0,0"
"2026-08-19 00:00:00.000,""10010"",Cəlilova Elmira Şirin,Təşkilati inkişaf və HR texnologiyaları departamenti,""2827000000"",""HR TechOps, performans və data funksional sahəsi"",""2829200000"",Ecosystem HR operations & Service Delivery,""2829230000"",Baş mütəxəssis,""4011"",""14"",Əmək məzuniyyət,20130531,20130609,10,,VAC,0,0, 06/2013,""240`"",,,,,,,,,,""36657"",20130529,0,0,0"
"2026-08-19 00:00:00.000,""10010"",Cəlilova Elmira Şirin,Təşkilati inkişaf və HR texnologiyaları departamenti,""2827000000"",""HR TechOps, performans və data funksional sahəsi"",""2829200000"",Ecosystem HR operations & Service Delivery,""2829230000"",Baş mütəxəssis,""4011"",""14"",Əmək məzuniyyət,20131122,20131218,27,,VAC,0,0, 11/2013,""662`"",,,,,,,,,,""04843"",20131112,0,0,0"
"2026-08-19 00:00:00.000,""10010"",Cəlilova Elmira Şirin,Təşkilati inkişaf və HR texnologiyaları departamenti,""2827000000"",""HR TechOps, performans və data funksional sahəsi"",""2829200000"",Ecosystem HR operations & Service Delivery,""2829230000"",Baş mütəxəssis,""4011"",""14"",Əmək məzuniyyət,20140609,20140717,37,,VAC,0,0, 06/2014,""365`"",,,,,,,,,,""28313"",20140609,0,0,0"
"2026-08-19 00:00:00.000,""10012"",Eyvazov Niyazi Abuzər,Hüquq departamenti,""2300000000"",Arxiv şöbəsi,""2300001000"",-,-,Baş mütəxəssis,""4011"",""14"",Əmək məzuniyyət,20150817,20150823,7,,VAC,0,0, 08/2015,""902`"",,,,,,,,,,""31572"",20150814,0,0,0"
"2026-08-19 00:00:00.000,""10012"",Eyvazov Niyazi Abuzər,Hüquq departamenti,""2300000000"",Arxiv şöbəsi,""2300001000"",-,-,Baş mütəxəssis,""4011"",""14"",Əmək məzuniyyət,20151009,20151023,15,,VAC,20170605,20180605, 10/2015,""1178`"",,,,,""26/10/2015"",,,,,""08810"",20151007,0,0,0"
"2026-08-19 00:00:00.000,""10012"",Eyvazov Niyazi Abuzər,Hüquq departamenti,""2300000000"",Arxiv şöbəsi,""2300001000"",-,-,Baş mütəxəssis,""4011"",""14"",Əmək məzuniyyət,20160425,20160516,21,,VAC,0,0, 04/2016,""550`"",,,,,,,,,,""27314"",20160420,0,0,0"
"2026-08-19 00:00:00.000,""10012"",Eyvazov Niyazi Abuzər,Hüquq departamenti,""2300000000"",Arxiv şöbəsi,""2300001000"",-,-,Baş mütəxəssis,""4011"",""14"",Əmək məzuniyyət,20160801,20160807,7,,VAC,20150605,20160605, 08/2016,""1170`"",,,,,,,,,,""37111"",20160720,0,0,0"
"2026-08-19 00:00:00.000,""10012"",Eyvazov Niyazi Abuzər,Hüquq departamenti,""2300000000"",Arxiv şöbəsi,""2300001000"",-,-,Baş mütəxəssis,""4011"",""14"",Əmək məzuniyyət,20160822,20160828,7,,VAC,20150605,20160605, 08/2016,""1357`"",,,,,,,,,,""08451"",20160818,0,0,0"
"2026-08-19 00:00:00.000,""10012"",Eyvazov Niyazi Abuzər,Hüquq departamenti,""2300000000"",Arxiv şöbəsi,""2300001000"",-,-,Baş mütəxəssis,""4011"",""14"",Əmək məzuniyyət,20161114,20161120,7,,VAC,20150605,20160605, 11/2016,""2119`"",,,,,,,,,,""38351"",20161111,0,0,0"
"2026-08-19 00:00:00.000,""10012"",Eyvazov Niyazi Abuzər,Hüquq departamenti,""2300000000"",Arxiv şöbəsi,""2300001000"",-,-,Baş mütəxəssis,""4011"",""14"",Əmək məzuniyyət,20161205,20161205,1,,VAC,20150605,20160605, 12/2016,""2269`"",,,,,,,,,,""37401"",20161201,0,0,0"
"2026-08-19 00:00:00.000,""10012"",Eyvazov Niyazi Abuzər,Hüquq departamenti,""2300000000"",Arxiv şöbəsi,""2300001000"",-,-,Baş mütəxəssis,""4011"",""14"",Əmək məzuniyyət,20161223,20161223,1,,VAC,20150605,20160605, 12/2016,""2416`"",,,,,,,,,,""18941"",20161222,0,0,0"
"2026-08-19 00:00:00.000,""10012"",Eyvazov Niyazi Abuzər,Hüquq departamenti,""2300000000"",Arxiv şöbəsi,""2300001000"",-,-,Baş mütəxəssis,""4011"",""14"",Əmək məzuniyyət,20170220,20170221,2,,VAC,20150605,20160605, 02/2017,""296`"",,,,,,,,,,""20525"",20170217,0,0,0"
"2026-08-19 00:00:00.000,""10012"",Eyvazov Niyazi Abuzər,Hüquq departamenti,""2300000000"",Arxiv şöbəsi,""2300001000"",-,-,Baş mütəxəssis,""4011"",""14"",Əmək məzuniyyət,20170717,20170717,1,,VAC,20150605,20160605, 07/2017,""1540`"",,,,,,,,,,""17957"",20170712,0,0,0"
"2026-08-19 00:00:00.000,""10012"",Eyvazov Niyazi Abuzər,Hüquq departamenti,""2300000000"",Arxiv şöbəsi,""2300001000"",-,-,Baş mütəxəssis,""4011"",""14"",Əmək məzuniyyət,20170814,20170828,15,,VAC,0,0, 08/2017,""1791`"",,,,,,,,,,""05066"",20170808,0,0,0"
"2026-08-19 00:00:00.000,""10012"",Eyvazov Niyazi Abuzər,Hüquq departamenti,""2300000000"",Arxiv şöbəsi,""2300001000"",-,-,Baş mütəxəssis,""4011"",""14"",Əmək məzuniyyət,20171110,20171110,1,,VAC,20160605,20170605, 11/2017,""2709`"",,,,,,,,,,""03670"",20171107,0,0,0"
"2026-08-19 00:00:00.000,""10012"",Eyvazov Niyazi Abuzər,Hüquq departamenti,""2300000000"",Arxiv şöbəsi,""2300001000"",-,-,Baş mütəxəssis,""4011"",""14"",Əmək məzuniyyət,20180410,20180410,1,,VAC,20160605,20170605, 04/2018,""683`"",,,,,,,,,,""22867"",20180410,0,0,0"
"2026-08-19 00:00:00.000,""10012"",Eyvazov Niyazi Abuzər,Hüquq departamenti,""2300000000"",Arxiv şöbəsi,""2300001000"",-,-,Baş mütəxəssis,""4011"",""14"",Əmək məzuniyyət,20180514,20180521,8,,VAC,20160605,20170605, 05/2018,""916`"",,,,,,,,,,""30959"",20180508,0,0,0"
"2026-08-19 00:00:00.000,""10012"",Eyvazov Niyazi Abuzər,Hüquq departamenti,""2300000000"",Arxiv şöbəsi,""2300001000"",-,-,Baş mütəxəssis,""4011"",""14"",Əmək məzuniyyət,20180613,20180614,2,,VAC,20160605,20170605, 06/2018,""1154`"",,,,,,,,,,""34046"",20180611,0,0,0"
"2026-08-19 00:00:00.000,""10012"",Eyvazov Niyazi Abuzər,Hüquq departamenti,""2300000000"",Arxiv şöbəsi,""2300001000"",-,-,Baş mütəxəssis,""4011"",""14"",Əmək məzuniyyət,20180730,20180806,8,,VAC,20160605,20170605, 07/2018,""1542`"",,,,,,,,,,""04671"",20180727,0,0,0"
"2026-08-19 00:00:00.000,""10012"",Eyvazov Niyazi Abuzər,Hüquq departamenti,""2300000000"",Arxiv şöbəsi,""2300001000"",-,-,Baş mütəxəssis,""4011"",""14"",Əmək məzuniyyət,20180824,20180824,1,,VAC,20160605,20170605, 08/2018,""1788`"",,,,,,,,,,""05097"",20180820,0,0,0"
"2026-08-19 00:00:00.000,""10012"",Eyvazov Niyazi Abuzər,Hüquq departamenti,""2300000000"",Arxiv şöbəsi,""2300001000"",-,-,Baş mütəxəssis,""4011"",""14"",Əmək məzuniyyət,20181019,20181022,4,,VAC,20160605,20170605, 10/2018,""2322`"",,,,,,,,,,""09690"",20181018,0,0,0"
"2026-08-19 00:00:00.000,""10012"",Eyvazov Niyazi Abuzər,Hüquq departamenti,""2300000000"",Arxiv şöbəsi,""2300001000"",-,-,Baş mütəxəssis,""4011"",""14"",Əmək məzuniyyət,20190213,20190217,5,,VAC,20170605,20180605, 02/2019,""370s"",,,,,,,,,,""01984"",20190211,0,0,0"
"2026-08-19 00:00:00.000,""10012"",Eyvazov Niyazi Abuzər,Hüquq departamenti,""2300000000"",Arxiv şöbəsi,""2300001000"",-,-,Baş mütəxəssis,""4011"",""14"",Əmək məzuniyyət,20190708,20190714,7,A,VAC,20170605,20180605, 07/2019,""1872`"",,,,,""15/07/2019"",,,,,,20190703,0,0,0"
"2026-08-19 00:00:00.000,""10012"",Eyvazov Niyazi Abuzər,Hüquq departamenti,""2300000000"",Arxiv şöbəsi,""2300001000"",-,-,Baş mütəxəssis,""4011"",""14"",Əmək məzuniyyət,20190920,20191006,17,A,VAC,20170605,20180605, 09/2019,""3388`"",,,,,""07/10/2019"",,,,,,20190906,0,0,0"
"2026-08-19 00:00:00.000,""10012"",Eyvazov Niyazi Abuzər,Hüquq departamenti,""2300000000"",Arxiv şöbəsi,""2300001000"",-,-,Baş mütəxəssis,""4011"",""14"",Əmək məzuniyyət,20200402,20200408,7,A,VAC,20170605,20180605, 04/2020,""1674`"",,,,,""09/04/2020"",,,,,,20200402,0,0,0"
"2026-08-19 00:00:00.000,""10012"",Eyvazov Niyazi Abuzər,Hüquq departamenti,""2300000000"",Arxiv şöbəsi,""2300001000"",-,-,Baş mütəxəssis,""4011"",""14"",Əmək məzuniyyət,20200807,20200823,17,A,VAC,20180605,20190605, 08/2020,""3462`"",,,,""10568"",""24/08/2020"",,,,,,20200730,0,0,0"
"2026-08-19 00:00:00.000,""10012"",Eyvazov Niyazi Abuzər,Hüquq departamenti,""2300000000"",Arxiv şöbəsi,""2300001000"",-,-,Baş mütəxəssis,""4011"",""14"",Əmək məzuniyyət,20201211,20201229,19,A,VAC,20180605,20190605, 12/2020,""6214`1"",,,,""10568"",""30/12/2020"",,,,,,20201208,0,0,0"
"2026-08-19 00:00:00.000,""10012"",Eyvazov Niyazi Abuzər,Hüquq departamenti,""2300000000"",Arxiv şöbəsi,""2300001000"",-,-,Baş mütəxəssis,""4011"",""14"",Əmək məzuniyyət,20201230,20210112,11,A,VAC,20190605,20200605, 12/2020,""6214`2"",,,,""10568"",""13/01/2021"",,,,,""13256"",20201208,0,0,0"
"2026-08-19 00:00:00.000,""10012"",Eyvazov Niyazi Abuzər,Hüquq departamenti,""2300000000"",Arxiv şöbəsi,""2300001000"",-,-,Baş mütəxəssis,""4011"",""14"",Əmək məzuniyyət,20210604,20210622,18,A,VAC,20190605,20200605, 06/2021,""2969`"",,,,""13124"",""23/06/2021"", 06/2021,,,,,20210531,0,0,0"
"2026-08-19 00:00:00.000,""10012"",Eyvazov Niyazi Abuzər,Hüquq departamenti,""2300000000"",Arxiv şöbəsi,""2300001000"",-,-,Baş mütəxəssis,""4011"",""14"",Əmək məzuniyyət,20210903,20210909,7,A,VAC,20190605,20200605, 09/2021,""5837-1"",,,,,""10/09/2021"", 08/2021,,,,,20210819,0,0,0"
"2026-08-19 00:00:00.000,""10012"",Eyvazov Niyazi Abuzər,Hüquq departamenti,""2300000000"",Arxiv şöbəsi,""2300001000"",-,-,Baş mütəxəssis,""4011"",""14"",Əmək məzuniyyət,20210910,20210920,11,A,VAC,20200605,20210605, 09/2021,""5837-2"",,,,,""21/09/2021"", 08/2021,,,,""16925"",20210819,0,0,0"
"2026-08-19 00:00:00.000,""10012"",Eyvazov Niyazi Abuzər,Hüquq departamenti,""2300000000"",Arxiv şöbəsi,""2300001000"",-,-,Baş mütəxəssis,""4011"",""14"",Əmək məzuniyyət,20211119,20211119,1,A,VAC,20200605,20210605, 11/2021,""9001 `"",,,,,""22/11/2021"", 11/2021,,,,,20211118,0,0,0"
"2026-08-19 00:00:00.000,""10012"",Eyvazov Niyazi Abuzər,Hüquq departamenti,""2300000000"",Arxiv şöbəsi,""2300001000"",-,-,Baş mütəxəssis,""4011"",""14"",Əmək məzuniyyət,20220203,20220207,5,A,VAC,20200605,20210605, 02/2022,""919`"",,,,,""08/02/2022"", 02/2022,,,,,20220203,0,0,0"
"2026-08-19 00:00:00.000,""10012"",Eyvazov Niyazi Abuzər,Hüquq departamenti,""2300000000"",Arxiv şöbəsi,""2300001000"",-,-,Baş mütəxəssis,""4011"",""14"",Əmək məzuniyyət,20220311,20220319,9,A,VAC,20200605,20210605, 03/2022,""2138`"",,,,,""28/03/2022"", 03/2022,,,,,20220310,0,0,0"
"2026-08-19 00:00:00.000,""10012"",Eyvazov Niyazi Abuzər,Hüquq departamenti,""2300000000"",Arxiv şöbəsi,""2300001000"",-,-,Baş mütəxəssis,""4011"",""14"",Əmək məzuniyyət,20220513,20220516,4,A,VAC,20200605,20210605, 05/2022,""4480 `"",,,,,""17/05/2022"", 05/2022,,,,,20220510,0,0,0"
"2026-08-19 00:00:00.000,""10012"",Eyvazov Niyazi Abuzər,Hüquq departamenti,""2300000000"",Arxiv şöbəsi,""2300001000"",-,-,Baş mütəxəssis,""4011"",""14"",Əmək məzuniyyət,20220613,20220614,2,A,VAC,20200605,20210605, 06/2022,""5725 `"",,,,,""16/06/2022"", 06/2022,,,,,20220609,0,0,0"
"2026-08-19 00:00:00.000,""10012"",Eyvazov Niyazi Abuzər,Hüquq departamenti,""2300000000"",Arxiv şöbəsi,""2300001000"",-,-,Baş mütəxəssis,""4011"",""14"",Əmək məzuniyyət,20220805,20220808,4,A,VAC,20200605,20210605, 08/2022,""8434`"",,,,,""09/08/2022"", 08/2022,,,,,20220729,0,0,0"
"2026-08-19 00:00:00.000,""10012"",Eyvazov Niyazi Abuzər,Hüquq departamenti,""2300000000"",Arxiv şöbəsi,""2300001000"",-,-,Baş mütəxəssis,""4011"",""14"",Əmək məzuniyyət,20220809,20220828,20,A,VAC,20210605,20220605, 08/2022,""8434`1"",,,,,""29/08/2022"", 08/2022,,,,""23103"",20220729,0,0,0"
"2026-08-19 00:00:00.000,""10012"",Eyvazov Niyazi Abuzər,Hüquq departamenti,""2300000000"",Arxiv şöbəsi,""2300001000"",-,-,Baş mütəxəssis,""4011"",""14"",Əmək məzuniyyət,20221024,20221024,1,A,VAC,20210605,20220605, 10/2022,""13728`"",,,,,""25/10/2022"", 10/2022,,,,,20221021,0,0,0"
"2026-08-19 00:00:00.000,""10012"",Eyvazov Niyazi Abuzər,Hüquq departamenti,""2300000000"",Arxiv şöbəsi,""2300001000"",-,-,Baş mütəxəssis,""4011"",""14"",Əmək məzuniyyət,20221130,20221130,1,A,VAC,20210605,20220605, 11/2022,""15397`"",,,,,""01/12/2022"", 11/2022,,,,,20221128,0,0,0"
"2026-08-19 00:00:00.000,""10012"",Eyvazov Niyazi Abuzər,Hüquq departamenti,""2300000000"",Arxiv şöbəsi,""2300001000"",-,-,Baş mütəxəssis,""4011"",""14"",Əmək məzuniyyət,20221215,20221225,11,A,VAC,20210605,20220605, 12/2022,""16517 `"",,,,""13124"",""26/12/2022"", 12/2022,,,,,20221216,0,0,0"
"2026-08-19 00:00:00.000,""10012"",Eyvazov Niyazi Abuzər,Hüquq departamenti,""2300000000"",Arxiv şöbəsi,""2300001000"",-,-,Baş mütəxəssis,""4011"",""14"",Əmək məzuniyyət,20230403,20230405,3,A,VAC,20210605,20220605, 04/2023,""6528`"",,,,,""06/04/2023"", 03/2023,,,,,20230331,0,0,0"
"2026-08-19 00:00:00.000,""10012"",Eyvazov Niyazi Abuzər,Hüquq departamenti,""2300000000"",Arxiv şöbəsi,""2300001000"",-,-,Baş mütəxəssis,""4011"",""14"",Əmək məzuniyyət,20230406,20230416,11,A,VAC,20220605,20230605, 04/2023,""6528`1"",,,,,""17/04/2023"", 03/2023,,,,""27192"",20230331,0,0,0"
"2026-08-19 00:00:00.000,""10012"",Eyvazov Niyazi Abuzər,Hüquq departamenti,""2300000000"",Arxiv şöbəsi,""2300001000"",-,-,Baş mütəxəssis,""4011"",""14"",Əmək məzuniyyət,20230703,20230723,21,A,VAC,20220605,20230605, 07/2023,""12974`"",,,,,""24/07/2023"", 06/2023,,,,,20230614,0,0,0"
"2026-08-19 00:00:00.000,""10012"",Eyvazov Niyazi Abuzər,Hüquq departamenti,""2300000000"",Arxiv şöbəsi,""2300001000"",-,-,Baş mütəxəssis,""4011"",""14"",Əmək məzuniyyət,20230904,20230907,4,A,VAC,20220605,20230605, 09/2023,""22128 `"",,,,,""08/09/2023"", 08/2023,,,,,20230830,0,0,0"
"2026-08-19 00:00:00.000,""10012"",Eyvazov Niyazi Abuzər,Hüquq departamenti,""2300000000"",Arxiv şöbəsi,""2300001000"",-,-,Baş mütəxəssis,""4011"",""14"",Əmək məzuniyyət,20230908,20230910,3,A,VAC,20230605,20240605, 09/2023,""22128 `1"",,,,,""11/09/2023"", 08/2023,,,,""29809"",20230830,0,0,0"
"2026-08-19 00:00:00.000,""10012"",Eyvazov Niyazi Abuzər,Hüquq departamenti,""2300000000"",Arxiv şöbəsi,""2300001000"",-,-,Baş mütəxəssis,""4011"",""14"",Əmək məzuniyyət,20231005,20231005,1,A,VAC,20230605,20240605, 10/2023,""25955 `"",,,,,""06/10/2023"", 10/2023,,,,,20231002,0,0,0"
"2026-08-19 00:00:00.000,""10012"",Eyvazov Niyazi Abuzər,Hüquq departamenti,""2300000000"",Arxiv şöbəsi,""2300001000"",-,-,Baş mütəxəssis,""4011"",""14"",Əmək məzuniyyət,20231020,20231020,1,A,VAC,20230605,20240605, 10/2023,""28510 `"",,,,,""23/10/2023"", 10/2023,,,,,20231024,0,0,0"
"2026-08-19 00:00:00.000,""10012"",Eyvazov Niyazi Abuzər,Hüquq departamenti,""2300000000"",Arxiv şöbəsi,""2300001000"",-,-,Baş mütəxəssis,""4011"",""30"",Məzuniyyətdən geri çağırılma,20151019,20151025,7,,VAC,0,0, 10/2015,""1233`"",,,,,,,,,,""07642"",0,0,0,0"
"2026-08-19 00:00:00.000,""10012"",Eyvazov Niyazi Abuzər,Hüquq departamenti,""2300000000"",Arxiv şöbəsi,""2300001000"",-,-,Baş mütəxəssis,""4011"",""30"",Məzuniyyətdən geri çağırılma,20160503,20160516,13,,VAC,0,0, 05/2016,""647`"",,,,,,,,,,""34774"",20160303,0,0,0"
"2026-08-19 00:00:00.000,""10012"",Eyvazov Niyazi Abuzər,Hüquq departamenti,""2300000000"",Arxiv şöbəsi,""2300001000"",-,-,Baş mütəxəssis,""4011"",""30"",Məzuniyyətdən geri çağırılma,20170221,20170221,1,,VAC,0,0, 02/2017,""315`"",,,,,,,,,,""07490"",20170221,0,0,0"
"2026-08-19 00:00:00.000,""10013"",Mirzə-zadə Ilqar Sultanəli,Insan Resurslarının idarə edilməsi və əməyin təşkili şöbəsi,""10800006"",-,-,-,-,Baş mütəxəssis,BA>MWT,""14"",Əmək məzuniyyət,20101227,20110117,19,,VAC,0,0, 12/2010,""567`"",,,,,,,,,,""01045"",20101220,0,0,0"
"2026-08-19 00:00:00.000,""10013"",Mirzə-zadə Ilqar Sultanəli,Insan Resurslarının idarə edilməsi və əməyin təşkili şöbəsi,""10800006"",-,-,-,-,Baş mütəxəssis,BA>MWT,""14"",Əmək məzuniyyət,20110718,20110731,14,,VAC,0,0, 07/2011,,,,,,,,,,,""16812"",0,0,0,0"
"2026-08-19 00:00:00.000,""10013"",Mirzə-zadə Ilqar Sultanəli,Insan Resurslarının idarə edilməsi və əməyin təşkili şöbəsi,""10800006"",-,-,-,-,Baş mütəxəssis,BA>MWT,""14"",Əmək məzuniyyət,20111230,20120125,23,,VAC,0,0, 01/2012,""525`"",,,,,,,,,,""21685"",20111230,0,0,0"
"2026-08-19 00:00:00.000,""10013"",Mirzə-zadə Ilqar Sultanəli,Insan Resurslarının idarə edilməsi və əməyin təşkili şöbəsi,""10800006"",-,-,-,-,Baş mütəxəssis,BA>MWT,""14"",Əmək məzuniyyət,20121224,20130202,37,,VAC,0,0, 12/2012,""556`"",,,,,,,,,,""12497"",20121217,0,0,0"
"2026-08-19 00:00:00.000,""10013"",Mirzə-zadə Ilqar Sultanəli,Insan Resurslarının idarə edilməsi və əməyin təşkili şöbəsi,""10800006"",-,-,-,-,Baş mütəxəssis,BA>MWT,""14"",Əmək məzuniyyət,20130506,20130526,20,,VAC,0,0, 05/2013,""183`"",,,,,,,,,,""07458"",20130529,0,0,0"
"2026-08-19 00:00:00.000,""10013"",Mirzə-zadə Ilqar Sultanəli,Insan Resurslarının idarə edilməsi və əməyin təşkili şöbəsi,""10800006"",-,-,-,-,Baş mütəxəssis,BA>MWT,""14"",Əmək məzuniyyət,20131213,20131229,17,,VAC,0,0, 12/2013,""765`"",,,,,,,,,,""36433"",20131212,0,0,0"
"2026-08-19 00:00:00.000,""10013"",Mirzə-zadə Ilqar Sultanəli,Insan Resurslarının idarə edilməsi və əməyin təşkili şöbəsi,""10800006"",-,-,-,-,Baş mütəxəssis,BA>MWT,""14"",Əmək məzuniyyət,20141111,20141217,37,,VAC,0,0, 11/2014,""903`"",,,,,,,,,,""19275"",20141103,0,0,0"
"2026-08-19 00:00:00.000,""10013"",Mirzə-zadə Ilqar Sultanəli,Insan Resurslarının idarə edilməsi və əməyin təşkili şöbəsi,""10800006"",-,-,-,-,Baş mütəxəssis,BA>MWT,""14"",Əmək məzuniyyət,20150721,20150730,10,,VAC,0,0, 07/2015,""668`"",,,,,,,,,,""33781"",20150707,0,0,0"
"2026-08-19 00:00:00.000,""10013"",Mirzə-zadə Ilqar Sultanəli,Insan Resurslarının idarə edilməsi və əməyin təşkili şöbəsi,""10800006"",-,-,-,-,Baş mütəxəssis,BA>MWT,""14"",Əmək məzuniyyət,20150901,20150929,27,,VAC,0,0, 09/2015,""997`"",,,,,,,,,,""09661"",20150828,0,0,0"
"2026-08-19 00:00:00.000,""10013"",Mirzə-zadə Ilqar Sultanəli,Insan Resurslarının idarə edilməsi və əməyin təşkili şöbəsi,""10800006"",-,-,-,-,Baş mütəxəssis,BA>MWT,""14"",Əmək məzuniyyət,20160815,20160829,15,,VAC,20150605,20160605, 08/2016,""1205`"",,,,,,,,,,""31932"",20160726,0,0,0"
"2026-08-19 00:00:00.000,""10013"",Mirzə-zadə Ilqar Sultanəli,Insan Resurslarının idarə edilməsi və əməyin təşkili şöbəsi,""10800006"",-,-,-,-,Baş mütəxəssis,BA>MWT,""14"",Əmək məzuniyyət,20170106,20170128,22,,VAC,20150605,20160605, 01/2017,""2483`"",,,,,,,,,,""06951"",20161230,0,0,0"
"2026-08-19 00:00:00.000,""10013"",Mirzə-zadə Ilqar Sultanəli,Insan Resurslarının idarə edilməsi və əməyin təşkili şöbəsi,""10800006"",-,-,-,-,Baş mütəxəssis,BA>MWT,""14"",Əmək məzuniyyət,20170814,20170828,15,,VAC,20160605,20170605, 08/2017,""1716`"",,,,,,,,,,""28022"",20170801,0,0,0"
"2026-08-19 00:00:00.000,""10010"",Cəlilova Elmira Şirin,Təşkilati inkişaf və HR texnologiyaları departamenti,""2827000000"",""HR TechOps, performans və data funksional sahəsi"",""2829200000"",Ecosystem HR operations & Service Delivery,""2829230000"",Baş mütəxəssis,""4011"",""14"",Əmək məzuniyyət,20150820,20150927,37,,VAC,0,0, 08/2015,""886`"",,,,,,,,,,""16149"",20150812,0,0,0"
"2026-08-19 00:00:00.000,""10010"",Cəlilova Elmira Şirin,Təşkilati inkişaf və HR texnologiyaları departamenti,""2827000000"",""HR TechOps, performans və data funksional sahəsi"",""2829200000"",Ecosystem HR operations & Service Delivery,""2829230000"",Baş mütəxəssis,""4011"",""14"",Əmək məzuniyyət,20161104,20161211,37,,VAC,20150728,20160728, 11/2016,""2032`"",,,,,,,,,,""38899"",20161101,0,0,0"
"2026-08-19 00:00:00.000,""10010"",Cəlilova Elmira Şirin,Təşkilati inkişaf və HR texnologiyaları departamenti,""2827000000"",""HR TechOps, performans və data funksional sahəsi"",""2829200000"",Ecosystem HR operations & Service Delivery,""2829230000"",Baş mütəxəssis,""4011"",""14"",Əmək məzuniyyət,20170410,20170421,12,,VAC,20160728,20170728, 04/2017,""600`"",,,,,,,,,,,0,0,0,0"
"2026-08-19 00:00:00.000,""10010"",Cəlilova Elmira Şirin,Təşkilati inkişaf və HR texnologiyaları departamenti,""2827000000"",""HR TechOps, performans və data funksional sahəsi"",""2829200000"",Ecosystem HR operations & Service Delivery,""2829230000"",Baş mütəxəssis,""4011"",""14"",Əmək məzuniyyət,20170511,20170511,1,,VAC,20160728,20170728, 05/2017,""940`"",,,,,,,,,,""23763"",20170511,0,0,0"
"2026-08-19 00:00:00.000,""10010"",Cəlilova Elmira Şirin,Təşkilati inkişaf və HR texnologiyaları departamenti,""2827000000"",""HR TechOps, performans və data funksional sahəsi"",""2829200000"",Ecosystem HR operations & Service Delivery,""2829230000"",Baş mütəxəssis,""4011"",""14"",Əmək məzuniyyət,20170517,20170517,1,,VAC,20160728,20170728, 05/2017,""940`"",,,,,,,,,,""36444"",20170511,0,0,0"
"2026-08-19 00:00:00.000,""10010"",Cəlilova Elmira Şirin,Təşkilati inkişaf və HR texnologiyaları departamenti,""2827000000"",""HR TechOps, performans və data funksional sahəsi"",""2829200000"",Ecosystem HR operations & Service Delivery,""2829230000"",Baş mütəxəssis,""4011"",""14"",Əmək məzuniyyət,20170828,20170904,6,,VAC,20160728,20170728, 08/2017,""1989`"",,,,,,,,,,""38976"",20170824,0,0,0"
"2026-08-19 00:00:00.000,""10010"",Cəlilova Elmira Şirin,Təşkilati inkişaf və HR texnologiyaları departamenti,""2827000000"",""HR TechOps, performans və data funksional sahəsi"",""2829200000"",Ecosystem HR operations & Service Delivery,""2829230000"",Baş mütəxəssis,""4011"",""14"",Əmək məzuniyyət,20180201,20180228,28,,VAC,0,0, 02/2018,""212`"",,,,,,,,,,""06320"",20180131,0,0,0"
"2026-08-19 00:00:00.000,""10010"",Cəlilova Elmira Şirin,Təşkilati inkişaf və HR texnologiyaları departamenti,""2827000000"",""HR TechOps, performans və data funksional sahəsi"",""2829200000"",Ecosystem HR operations & Service Delivery,""2829230000"",Baş mütəxəssis,""4011"",""14"",Əmək məzuniyyət,20190222,20190222,1,,VAC,20170728,20180728, 02/2019,""385s"",,,,,""25/02/2019"",,,,,""02090"",20190211,0,0,0"
"2026-08-19 00:00:00.000,""10010"",Cəlilova Elmira Şirin,Təşkilati inkişaf və HR texnologiyaları departamenti,""2827000000"",""HR TechOps, performans və data funksional sahəsi"",""2829200000"",Ecosystem HR operations & Service Delivery,""2829230000"",Baş mütəxəssis,""4011"",""14"",Əmək məzuniyyət,20190719,20190722,4,A,VAC,20170728,20180728, 07/2019,""2224`"",,,,,""23/07/2019"",,,,,,20190717,0,0,0"
"2026-08-19 00:00:00.000,""10010"",Cəlilova Elmira Şirin,Təşkilati inkişaf və HR texnologiyaları departamenti,""2827000000"",""HR TechOps, performans və data funksional sahəsi"",""2829200000"",Ecosystem HR operations & Service Delivery,""2829230000"",Baş mütəxəssis,""4011"",""14"",Əmək məzuniyyət,20190913,20190916,4,A,VAC,20170728,20180728, 09/2019,""3500`"",,,,,""17/09/2019"",,,,,,20190913,0,0,0"
"2026-08-19 00:00:00.000,""10010"",Cəlilova Elmira Şirin,Təşkilati inkişaf və HR texnologiyaları departamenti,""2827000000"",""HR TechOps, performans və data funksional sahəsi"",""2829200000"",Ecosystem HR operations & Service Delivery,""2829230000"",Baş mütəxəssis,""4011"",""14"",Əmək məzuniyyət,20190920,20190924,5,A,VAC,20170728,20180728, 09/2019,""3595`"",,,,,""25/09/2019"",,,,,,20190920,0,0,0"
"2026-08-19 00:00:00.000,""10010"",Cəlilova Elmira Şirin,Təşkilati inkişaf və HR texnologiyaları departamenti,""2827000000"",""HR TechOps, performans və data funksional sahəsi"",""2829200000"",Ecosystem HR operations & Service Delivery,""2829230000"",Baş mütəxəssis,""4011"",""14"",Əmək məzuniyyət,20200401,20200410,10,A,VAC,20170728,20180728, 04/2020,""1539s1"",,,,,""13/04/2020"",,,,,,20200331,0,0,0"
"2026-08-19 00:00:00.000,""10010"",Cəlilova Elmira Şirin,Təşkilati inkişaf və HR texnologiyaları departamenti,""2827000000"",""HR TechOps, performans və data funksional sahəsi"",""2829200000"",Ecosystem HR operations & Service Delivery,""2829230000"",Baş mütəxəssis,""4011"",""14"",Əmək məzuniyyət,20200411,20200430,20,A,VAC,20180728,20190728, 04/2020,""1539s2"",,,,,""01/05/2020"",,,,,""09789"",20200331,0,0,0"
"2026-08-19 00:00:00.000,""10010"",Cəlilova Elmira Şirin,Təşkilati inkişaf və HR texnologiyaları departamenti,""2827000000"",""HR TechOps, performans və data funksional sahəsi"",""2829200000"",Ecosystem HR operations & Service Delivery,""2829230000"",Baş mütəxəssis,""4011"",""14"",Əmək məzuniyyət,20200703,20200706,4,A,VAC,20180728,20190728, 07/2020,""3017`"",,,,,""07/07/2020"",,,,,,20200709,0,0,0"
"2026-08-19 00:00:00.000,""10010"",Cəlilova Elmira Şirin,Təşkilati inkişaf və HR texnologiyaları departamenti,""2827000000"",""HR TechOps, performans və data funksional sahəsi"",""2829200000"",Ecosystem HR operations & Service Delivery,""2829230000"",Baş mütəxəssis,""4011"",""14"",Əmək məzuniyyət,20200710,20200713,4,A,VAC,20180728,20190728, 07/2020,""3018`"",,,,,""14/07/2020"",,,,,,20200709,0,0,0"
"2026-08-19 00:00:00.000,""10010"",Cəlilova Elmira Şirin,Təşkilati inkişaf və HR texnologiyaları departamenti,""2827000000"",""HR TechOps, performans və data funksional sahəsi"",""2829200000"",Ecosystem HR operations & Service Delivery,""2829230000"",Baş mütəxəssis,""4011"",""14"",Əmək məzuniyyət,20200717,20200720,4,A,VAC,20180728,20190728, 07/2020,""3019`"",,,,,""21/07/2020"",,,,,,20200709,0,0,0"
"2026-08-19 00:00:00.000,""10010"",Cəlilova Elmira Şirin,Təşkilati inkişaf və HR texnologiyaları departamenti,""2827000000"",""HR TechOps, performans və data funksional sahəsi"",""2829200000"",Ecosystem HR operations & Service Delivery,""2829230000"",Baş mütəxəssis,""4011"",""14"",Əmək məzuniyyət,20200724,20200727,4,A,VAC,20180728,20190728, 07/2020,""3020`"",,,,,""28/07/2020"",,,,,""11277"",20200709,0,0,0"
"2026-08-19 00:00:00.000,""10010"",Cəlilova Elmira Şirin,Təşkilati inkişaf və HR texnologiyaları departamenti,""2827000000"",""HR TechOps, performans və data funksional sahəsi"",""2829200000"",Ecosystem HR operations & Service Delivery,""2829230000"",Baş mütəxəssis,""4011"",""14"",Əmək məzuniyyət,20201002,20201004,3,A,VAC,20190728,20200728, 10/2020,""4622`"",,,,,""05/10/2020"",,,,,,20201002,0,0,0"
"2026-08-19 00:00:00.000,""10010"",Cəlilova Elmira Şirin,Təşkilati inkişaf və HR texnologiyaları departamenti,""2827000000"",""HR TechOps, performans və data funksional sahəsi"",""2829200000"",Ecosystem HR operations & Service Delivery,""2829230000"",Baş mütəxəssis,""4011"",""14"",Əmək məzuniyyət,20201009,20201011,3,A,VAC,20190728,20200728, 10/2020,""4640`"",,,,,""12/10/2020"",,,,,,20201005,0,0,0"
"2026-08-19 00:00:00.000,""10010"",Cəlilova Elmira Şirin,Təşkilati inkişaf və HR texnologiyaları departamenti,""2827000000"",""HR TechOps, performans və data funksional sahəsi"",""2829200000"",Ecosystem HR operations & Service Delivery,""2829230000"",Baş mütəxəssis,""4011"",""14"",Əmək məzuniyyət,20201016,20201018,3,A,VAC,20190728,20200728, 10/2020,""4641`"",,,,,""19/10/2020"",,,,,,20201005,0,0,0"
"2026-08-19 00:00:00.000,""10010"",Cəlilova Elmira Şirin,Təşkilati inkişaf və HR texnologiyaları departamenti,""2827000000"",""HR TechOps, performans və data funksional sahəsi"",""2829200000"",Ecosystem HR operations & Service Delivery,""2829230000"",Baş mütəxəssis,""4011"",""14"",Əmək məzuniyyət,20201023,20201025,3,A,VAC,20190728,20200728, 10/2020,""4642`"",,,,,""26/10/2020"",,,,,,20201005,0,0,0"
"2026-08-19 00:00:00.000,""10010"",Cəlilova Elmira Şirin,Təşkilati inkişaf və HR texnologiyaları departamenti,""2827000000"",""HR TechOps, performans və data funksional sahəsi"",""2829200000"",Ecosystem HR operations & Service Delivery,""2829230000"",Baş mütəxəssis,""4011"",""14"",Əmək məzuniyyət,20201030,20201101,3,A,VAC,20190728,20200728, 10/2020,""4680`"",,,,,""02/11/2020"",,,,,,20201006,0,0,0"
"2026-08-19 00:00:00.000,""10010"",Cəlilova Elmira Şirin,Təşkilati inkişaf və HR texnologiyaları departamenti,""2827000000"",""HR TechOps, performans və data funksional sahəsi"",""2829200000"",Ecosystem HR operations & Service Delivery,""2829230000"",Baş mütəxəssis,""4011"",""14"",Əmək məzuniyyət,20201204,20201206,3,A,VAC,20190728,20200728, 12/2020,""5577`"",,,,,""07/12/2020"",,,,,,20201119,0,0,0"
"2026-08-19 00:00:00.000,""10010"",Cəlilova Elmira Şirin,Təşkilati inkişaf və HR texnologiyaları departamenti,""2827000000"",""HR TechOps, performans və data funksional sahəsi"",""2829200000"",Ecosystem HR operations & Service Delivery,""2829230000"",Baş mütəxəssis,""4011"",""14"",Əmək məzuniyyət,20201211,20201213,3,A,VAC,20190728,20200728, 12/2020,""5580`"",,,,,""14/12/2020"",,,,,,20201119,0,0,0"
"2026-08-19 00:00:00.000,""10010"",Cəlilova Elmira Şirin,Təşkilati inkişaf və HR texnologiyaları departamenti,""2827000000"",""HR TechOps, performans və data funksional sahəsi"",""2829200000"",Ecosystem HR operations & Service Delivery,""2829230000"",Baş mütəxəssis,""4011"",""14"",Əmək məzuniyyət,20201218,20201220,3,A,VAC,20190728,20200728, 12/2020,""5579`"",,,,,""21/12/2020"",,,,,,20201119,0,0,0"
"2026-08-19 00:00:00.000,""10010"",Cəlilova Elmira Şirin,Təşkilati inkişaf və HR texnologiyaları departamenti,""2827000000"",""HR TechOps, performans və data funksional sahəsi"",""2829200000"",Ecosystem HR operations & Service Delivery,""2829230000"",Baş mütəxəssis,""4011"",""14"",Əmək məzuniyyət,20201225,20201227,3,A,VAC,20190728,20200728, 12/2020,""5578`"",,,,,""28/12/2020"",,,,,,20201119,0,0,0"
"2026-08-19 00:00:00.000,""10010"",Cəlilova Elmira Şirin,Təşkilati inkişaf və HR texnologiyaları departamenti,""2827000000"",""HR TechOps, performans və data funksional sahəsi"",""2829200000"",Ecosystem HR operations & Service Delivery,""2829230000"",Baş mütəxəssis,""4011"",""14"",Əmək məzuniyyət,20210205,20210207,3,A,VAC,20190728,20200728, 02/2021,""1066`"",,,,,""08/02/2021"", 02/2021,,,,,20210225,0,0,0"
"2026-08-19 00:00:00.000,""10010"",Cəlilova Elmira Şirin,Təşkilati inkişaf və HR texnologiyaları departamenti,""2827000000"",""HR TechOps, performans və data funksional sahəsi"",""2829200000"",Ecosystem HR operations & Service Delivery,""2829230000"",Baş mütəxəssis,""4011"",""14"",Əmək məzuniyyət,20210212,20210214,3,A,VAC,20190728,20200728, 02/2021,""1065`"",,,,,""15/02/2021"", 02/2021,,,,,20210225,0,0,0"
"2026-08-19 00:00:00.000,""10010"",Cəlilova Elmira Şirin,Təşkilati inkişaf və HR texnologiyaları departamenti,""2827000000"",""HR TechOps, performans və data funksional sahəsi"",""2829200000"",Ecosystem HR operations & Service Delivery,""2829230000"",Baş mütəxəssis,""4011"",""14"",Əmək məzuniyyət,20210219,20210221,3,A,VAC,20190728,20200728, 02/2021,""1064`"",,,,,""22/02/2021"", 02/2021,,,,,20210225,0,0,0"
"2026-08-19 00:00:00.000,""10010"",Cəlilova Elmira Şirin,Təşkilati inkişaf və HR texnologiyaları departamenti,""2827000000"",""HR TechOps, performans və data funksional sahəsi"",""2829200000"",Ecosystem HR operations & Service Delivery,""2829230000"",Baş mütəxəssis,""4011"",""14"",Əmək məzuniyyət,20210226,20210228,3,A,VAC,20200728,20210728, 02/2021,""1063`"",,,,,""01/03/2021"", 02/2021,,,,,20210225,0,0,0"
"2026-08-19 00:00:00.000,""10010"",Cəlilova Elmira Şirin,Təşkilati inkişaf və HR texnologiyaları departamenti,""2827000000"",""HR TechOps, performans və data funksional sahəsi"",""2829200000"",Ecosystem HR operations & Service Delivery,""2829230000"",Baş mütəxəssis,""4011"",""14"",Əmək məzuniyyət,20210402,20210404,3,A,VAC,20200728,20210728, 04/2021,""1664`"",,,,,""05/04/2021"", 04/2021,,,,""14982"",20210402,0,0,0"
"2026-08-19 00:00:00.000,""10010"",Cəlilova Elmira Şirin,Təşkilati inkişaf və HR texnologiyaları departamenti,""2827000000"",""HR TechOps, performans və data funksional sahəsi"",""2829200000"",Ecosystem HR operations & Service Delivery,""2829230000"",Baş mütəxəssis,""4011"",""14"",Əmək məzuniyyət,20210409,20210411,3,A,VAC,20200728,20210728, 04/2021,""1665`"",,,,,""12/04/2021"", 04/2021,,,,""14983"",20210402,0,0,0"
"2026-08-19 00:00:00.000,""10010"",Cəlilova Elmira Şirin,Təşkilati inkişaf və HR texnologiyaları departamenti,""2827000000"",""HR TechOps, performans və data funksional sahəsi"",""2829200000"",Ecosystem HR operations & Service Delivery,""2829230000"",Baş mütəxəssis,""4011"",""14"",Əmək məzuniyyət,20210903,20210905,3,A,VAC,20200728,20210728, 09/2021,""7072 `"",,,,,""06/09/2021"", 09/2021,,,,,20210928,0,0,0"
"2026-08-19 00:00:00.000,""10010"",Cəlilova Elmira Şirin,Təşkilati inkişaf və HR texnologiyaları departamenti,""2827000000"",""HR TechOps, performans və data funksional sahəsi"",""2829200000"",Ecosystem HR operations & Service Delivery,""2829230000"",Baş mütəxəssis,""4011"",""14"",Əmək məzuniyyət,20210910,20210912,3,A,VAC,20200728,20210728, 09/2021,""7071 `"",,,,,""13/09/2021"", 09/2021,,,,,20210928,0,0,0"
"2026-08-19 00:00:00.000,""10010"",Cəlilova Elmira Şirin,Təşkilati inkişaf və HR texnologiyaları departamenti,""2827000000"",""HR TechOps, performans və data funksional sahəsi"",""2829200000"",Ecosystem HR operations & Service Delivery,""2829230000"",Baş mütəxəssis,""4011"",""14"",Əmək məzuniyyət,20210917,20210922,6,A,VAC,20200728,20210728, 09/2021,""7070 `"",,,,,""23/09/2021"", 09/2021,,,,,20210928,0,0,0"
"2026-08-19 00:00:00.000,""10010"",Cəlilova Elmira Şirin,Təşkilati inkişaf və HR texnologiyaları departamenti,""2827000000"",""HR TechOps, performans və data funksional sahəsi"",""2829200000"",Ecosystem HR operations & Service Delivery,""2829230000"",Baş mütəxəssis,""4011"",""14"",Əmək məzuniyyət,20210924,20210926,3,A,VAC,20200728,20210728, 09/2021,""7069 `"",,,,,""27/09/2021"", 09/2021,,,,,20210928,0,0,0"
"2026-08-19 00:00:00.000,""10010"",Cəlilova Elmira Şirin,Təşkilati inkişaf və HR texnologiyaları departamenti,""2827000000"",""HR TechOps, performans və data funksional sahəsi"",""2829200000"",Ecosystem HR operations & Service Delivery,""2829230000"",Baş mütəxəssis,""4011"",""14"",Əmək məzuniyyət,20211203,20211205,3,A,VAC,20200728,20210728, 12/2021,""7805 `"",,,,,""06/12/2021"", 12/2021,,,,,20211014,0,0,0"
"2026-08-19 00:00:00.000,""10010"",Cəlilova Elmira Şirin,Təşkilati inkişaf və HR texnologiyaları departamenti,""2827000000"",""HR TechOps, performans və data funksional sahəsi"",""2829200000"",Ecosystem HR operations & Service Delivery,""2829230000"",Baş mütəxəssis,""4011"",""14"",Əmək məzuniyyət,20211217,20211219,3,A,VAC,20200728,20210728, 12/2021,""8002`"",,,,,""20/12/2021"", 12/2021,,,,""18744"",20211019,0,0,0"
"2026-08-19 00:00:00.000,""10010"",Cəlilova Elmira Şirin,Təşkilati inkişaf və HR texnologiyaları departamenti,""2827000000"",""HR TechOps, performans və data funksional sahəsi"",""2829200000"",Ecosystem HR operations & Service Delivery,""2829230000"",Baş mütəxəssis,""4011"",""14"",Əmək məzuniyyət,20211224,20211226,3,A,VAC,20200728,20210728, 12/2021,""8003`"",,,,,""27/12/2021"", 12/2021,,,,""18745"",20211019,0,0,0"
"2026-08-19 00:00:00.000,""10010"",Cəlilova Elmira Şirin,Təşkilati inkişaf və HR texnologiyaları departamenti,""2827000000"",""HR TechOps, performans və data funksional sahəsi"",""2829200000"",Ecosystem HR operations & Service Delivery,""2829230000"",Baş mütəxəssis,""4011"",""14"",Əmək məzuniyyət,20220603,20220605,3,A,VAC,20200728,20210728, 06/2022,""6011 `"",,,,,""06/06/2022"", 06/2022,,,,,20220616,0,0,0"
"2026-08-19 00:00:00.000,""10010"",Cəlilova Elmira Şirin,Təşkilati inkişaf və HR texnologiyaları departamenti,""2827000000"",""HR TechOps, performans və data funksional sahəsi"",""2829200000"",Ecosystem HR operations & Service Delivery,""2829230000"",Baş mütəxəssis,""4011"",""14"",Əmək məzuniyyət,20220606,20220614,9,A,VAC,20210728,20220728, 06/2022,""6011 `1"",,,,,""16/06/2022"", 06/2022,,,,""22162"",20220616,0,0,0"
"2026-08-19 00:00:00.000,""10010"",Cəlilova Elmira Şirin,Təşkilati inkişaf və HR texnologiyaları departamenti,""2827000000"",""HR TechOps, performans və data funksional sahəsi"",""2829200000"",Ecosystem HR operations & Service Delivery,""2829230000"",Baş mütəxəssis,""4011"",""14"",Əmək məzuniyyət,20220628,20220703,6,A,VAC,20210728,20220728, 07/2022,""6978`"",,,,,""04/07/2022"", 07/2022,,,,,20220704,0,0,0"
"2026-08-19 00:00:00.000,""10010"",Cəlilova Elmira Şirin,Təşkilati inkişaf və HR texnologiyaları departamenti,""2827000000"",""HR TechOps, performans və data funksional sahəsi"",""2829200000"",Ecosystem HR operations & Service Delivery,""2829230000"",Baş mütəxəssis,""4011"",""14"",Əmək məzuniyyət,20220805,20220807,3,A,VAC,20210728,20220728, 08/2022,""9705`"",,,,,""08/08/2022"", 08/2022,,,,,20220816,0,0,0"
"2026-08-19 00:00:00.000,""10010"",Cəlilova Elmira Şirin,Təşkilati inkişaf və HR texnologiyaları departamenti,""2827000000"",""HR TechOps, performans və data funksional sahəsi"",""2829200000"",Ecosystem HR operations & Service Delivery,""2829230000"",Baş mütəxəssis,""4011"",""14"",Əmək məzuniyyət,20220812,20220814,3,A,VAC,20210728,20220728, 08/2022,""9706`"",,,,,""15/08/2022"", 08/2022,,,,,20220816,0,0,0"
"2026-08-19 00:00:00.000,""10010"",Cəlilova Elmira Şirin,Təşkilati inkişaf və HR texnologiyaları departamenti,""2827000000"",""HR TechOps, performans və data funksional sahəsi"",""2829200000"",Ecosystem HR operations & Service Delivery,""2829230000"",Baş mütəxəssis,""4011"",""14"",Əmək məzuniyyət,20220819,20220821,3,A,VAC,20210728,20220728, 08/2022,""9707`"",,,,,""22/08/2022"", 08/2022,,,,,20220816,0,0,0"
"2026-08-19 00:00:00.000,""10010"",Cəlilova Elmira Şirin,Təşkilati inkişaf və HR texnologiyaları departamenti,""2827000000"",""HR TechOps, performans və data funksional sahəsi"",""2829200000"",Ecosystem HR operations & Service Delivery,""2829230000"",Baş mütəxəssis,""4011"",""14"",Əmək məzuniyyət,20220826,20220828,3,A,VAC,20210728,20220728, 08/2022,""9708`"",,,,,""29/08/2022"", 08/2022,,,,,20220816,0,0,0"
"2026-08-19 00:00:00.000,""10010"",Cəlilova Elmira Şirin,Təşkilati inkişaf və HR texnologiyaları departamenti,""2827000000"",""HR TechOps, performans və data funksional sahəsi"",""2829200000"",Ecosystem HR operations & Service Delivery,""2829230000"",Baş mütəxəssis,""4011"",""14"",Əmək məzuniyyət,20220829,20220830,2,A,VAC,20210728,20220728, 08/2022,""10648`"",,,,,""31/08/2022"", 08/2022,,,,,20220831,0,0,0"
"2026-08-19 00:00:00.000,""10010"",Cəlilova Elmira Şirin,Təşkilati inkişaf və HR texnologiyaları departamenti,""2827000000"",""HR TechOps, performans və data funksional sahəsi"",""2829200000"",Ecosystem HR operations & Service Delivery,""2829230000"",Baş mütəxəssis,""4011"",""14"",Əmək məzuniyyət,20221007,20221007,1,A,VAC,20210728,20220728, 10/2022,""13246`"",,,,,""10/10/2022"", 10/2022,,,,,20221012,0,0,0"
"2026-08-19 00:00:00.000,""10010"",Cəlilova Elmira Şirin,Təşkilati inkişaf və HR texnologiyaları departamenti,""2827000000"",""HR TechOps, performans və data funksional sahəsi"",""2829200000"",Ecosystem HR operations & Service Delivery,""2829230000"",Baş mütəxəssis,""4011"",""14"",Əmək məzuniyyət,20221010,20221010,1,A,VAC,20210728,20220728, 10/2022,""13245`"",,,,,""11/10/2022"", 10/2022,,,,,20221012,0,0,0"
"2026-08-19 00:00:00.000,""10010"",Cəlilova Elmira Şirin,Təşkilati inkişaf və HR texnologiyaları departamenti,""2827000000"",""HR TechOps, performans və data funksional sahəsi"",""2829200000"",Ecosystem HR operations & Service Delivery,""2829230000"",Baş mütəxəssis,""4011"",""14"",Əmək məzuniyyət,20221216,20221216,1,A,VAC,20210728,20220728, 12/2022,""16500`"",,,,,""19/12/2022"", 12/2022,,,,,20221216,0,0,0"
"2026-08-19 00:00:00.000,""10010"",Cəlilova Elmira Şirin,Təşkilati inkişaf və HR texnologiyaları departamenti,""2827000000"",""HR TechOps, performans və data funksional sahəsi"",""2829200000"",Ecosystem HR operations & Service Delivery,""2829230000"",Baş mütəxəssis,""4011"",""14"",Əmək məzuniyyət,20221219,20221222,4,A,VAC,20210728,20220728, 12/2022,""17126`"",,,,,""23/12/2022"", 12/2022,,,,,20221227,0,0,0"
"2026-08-19 00:00:00.000,""10010"",Cəlilova Elmira Şirin,Təşkilati inkişaf və HR texnologiyaları departamenti,""2827000000"",""HR TechOps, performans və data funksional sahəsi"",""2829200000"",Ecosystem HR operations & Service Delivery,""2829230000"",Baş mütəxəssis,""4011"",""14"",Əmək məzuniyyət,20221223,20221225,3,A,VAC,20220728,20230728, 12/2022,""17126`1"",,,,,""26/12/2022"", 12/2022,,,,""25790"",20221227,0,0,0"
"2026-08-19 00:00:00.000,""10010"",Cəlilova Elmira Şirin,Təşkilati inkişaf və HR texnologiyaları departamenti,""2827000000"",""HR TechOps, performans və data funksional sahəsi"",""2829200000"",Ecosystem HR operations & Service Delivery,""2829230000"",Baş mütəxəssis,""4011"",""14"",Əmək məzuniyyət,20230222,20230222,1,A,VAC,20220728,20230728, 02/2023,""4578`"",,,,,""23/02/2023"", 02/2023,,,,,20230224,0,0,0"
"2026-08-19 00:00:00.000,""10010"",Cəlilova Elmira Şirin,Təşkilati inkişaf və HR texnologiyaları departamenti,""2827000000"",""HR TechOps, performans və data funksional sahəsi"",""2829200000"",Ecosystem HR operations & Service Delivery,""2829230000"",Baş mütəxəssis,""4011"",""14"",Əmək məzuniyyət,20230804,20230806,3,A,VAC,20220728,20230728, 08/2023,""16756 `"",,,,,""07/08/2023"", 08/2023,,,,,20230718,0,0,0"
"2026-08-19 00:00:00.000,""10010"",Cəlilova Elmira Şirin,Təşkilati inkişaf və HR texnologiyaları departamenti,""2827000000"",""HR TechOps, performans və data funksional sahəsi"",""2829200000"",Ecosystem HR operations & Service Delivery,""2829230000"",Baş mütəxəssis,""4011"",""14"",Əmək məzuniyyət,20230811,20230813,3,A,VAC,20220728,20230728, 08/2023,""16713 `"",,,,,""14/08/2023"", 08/2023,,,,,20230718,0,0,0"
"2026-08-19 00:00:00.000,""10010"",Cəlilova Elmira Şirin,Təşkilati inkişaf və HR texnologiyaları departamenti,""2827000000"",""HR TechOps, performans və data funksional sahəsi"",""2829200000"",Ecosystem HR operations & Service Delivery,""2829230000"",Baş mütəxəssis,""4011"",""14"",Əmək məzuniyyət,20230818,20230820,3,A,VAC,20220728,20230728, 08/2023,""16760 `"",,,,,""21/08/2023"", 08/2023,,,,,20230718,0,0,0"
"2026-08-19 00:00:00.000,""10010"",Cəlilova Elmira Şirin,Təşkilati inkişaf və HR texnologiyaları departamenti,""2827000000"",""HR TechOps, performans və data funksional sahəsi"",""2829200000"",Ecosystem HR operations & Service Delivery,""2829230000"",Baş mütəxəssis,""4011"",""14"",Əmək məzuniyyət,20230825,20230827,3,A,VAC,20220728,20230728, 08/2023,""16718 `"",,,,,""28/08/2023"", 08/2023,,,,,20230718,0,0,0"
"2026-08-19 00:00:00.000,""10010"",Cəlilova Elmira Şirin,Təşkilati inkişaf və HR texnologiyaları departamenti,""2827000000"",""HR TechOps, performans və data funksional sahəsi"",""2829200000"",Ecosystem HR operations & Service Delivery,""2829230000"",Baş mütəxəssis,""4011"",""14"",Əmək məzuniyyət,20231006,20231008,3,A,VAC,20220728,20230728, 10/2023,""25045 `"",,,,,""09/10/2023"", 10/2023,,,,,20230925,0,0,0"
"2026-08-19 00:00:00.000,""10010"",Cəlilova Elmira Şirin,Təşkilati inkişaf və HR texnologiyaları departamenti,""2827000000"",""HR TechOps, performans və data funksional sahəsi"",""2829200000"",Ecosystem HR operations & Service Delivery,""2829230000"",Baş mütəxəssis,""4011"",""14"",Əmək məzuniyyət,20231013,20231015,3,A,VAC,20220728,20230728, 10/2023,""24995 `"",,,,,""16/10/2023"", 10/2023,,,,,20230925,0,0,0"
"2026-08-19 00:00:00.000,""10010"",Cəlilova Elmira Şirin,Təşkilati inkişaf və HR texnologiyaları departamenti,""2827000000"",""HR TechOps, performans və data funksional sahəsi"",""2829200000"",Ecosystem HR operations & Service Delivery,""2829230000"",Baş mütəxəssis,""4011"",""14"",Əmək məzuniyyət,20231020,20231022,3,A,VAC,20220728,20230728, 10/2023,""25023 `"",,,,,""23/10/2023"", 10/2023,,,,,20230925,0,0,0"
"2026-08-19 00:00:00.000,""10010"",Cəlilova Elmira Şirin,Təşkilati inkişaf və HR texnologiyaları departamenti,""2827000000"",""HR TechOps, performans və data funksional sahəsi"",""2829200000"",Ecosystem HR operations & Service Delivery,""2829230000"",Baş mütəxəssis,""4011"",""14"",Əmək məzuniyyət,20231027,20231029,3,A,VAC,20220728,20230728, 10/2023,""25011 `"",,,,,""30/10/2023"", 12/2023,,,,,20230925,0,0,0"
"2026-08-19 00:00:00.000,""10010"",Cəlilova Elmira Şirin,Təşkilati inkişaf və HR texnologiyaları departamenti,""2827000000"",""HR TechOps, performans və data funksional sahəsi"",""2829200000"",Ecosystem HR operations & Service Delivery,""2829230000"",Baş mütəxəssis,""4011"",""14"",Əmək məzuniyyət,20231201,20231203,3,A,VAC,20230728,20240728, 12/2023,""34567 `"",,,,,""04/12/2023"", 12/2023,,,,,20231221,0,0,0"
"2026-08-19 00:00:00.000,""10010"",Cəlilova Elmira Şirin,Təşkilati inkişaf və HR texnologiyaları departamenti,""2827000000"",""HR TechOps, performans və data funksional sahəsi"",""2829200000"",Ecosystem HR operations & Service Delivery,""2829230000"",Baş mütəxəssis,""4011"",""14"",Əmək məzuniyyət,20231208,20231210,3,A,VAC,20230728,20240728, 12/2023,""34504 `"",,,,,""11/12/2023"", 12/2023,,,,,20231220,0,0,0"
"2026-08-19 00:00:00.000,""10010"",Cəlilova Elmira Şirin,Təşkilati inkişaf və HR texnologiyaları departamenti,""2827000000"",""HR TechOps, performans və data funksional sahəsi"",""2829200000"",Ecosystem HR operations & Service Delivery,""2829230000"",Baş mütəxəssis,""4011"",""14"",Əmək məzuniyyət,20231215,20231217,3,A,VAC,20220728,20230728, 12/2023,""34129 `"",,,,,""18/12/2023"", 12/2023,,,,,20231218,0,0,0"
"2026-08-19 00:00:00.000,""10010"",Cəlilova Elmira Şirin,Təşkilati inkişaf və HR texnologiyaları departamenti,""2827000000"",""HR TechOps, performans və data funksional sahəsi"",""2829200000"",Ecosystem HR operations & Service Delivery,""2829230000"",Baş mütəxəssis,""4011"",""14"",Əmək məzuniyyət,20231222,20231224,3,A,VAC,20220728,20230728, 12/2023,""34087 `"",,,,,""25/12/2023"", 12/2023,,,,,20231218,0,0,0"
"2026-08-19 00:00:00.000,""10010"",Cəlilova Elmira Şirin,Təşkilati inkişaf və HR texnologiyaları departamenti,""2827000000"",""HR TechOps, performans və data funksional sahəsi"",""2829200000"",Ecosystem HR operations & Service Delivery,""2829230000"",Baş mütəxəssis,""4011"",""14"",Əmək məzuniyyət,20231229,20231230,2,A,VAC,20220728,20230728, 12/2023,""34196 `"",,,,,""07/01/2024"", 12/2023,,,,,20231218,0,0,0"
"2026-08-19 00:00:00.000,""10010"",Cəlilova Elmira Şirin,Təşkilati inkişaf və HR texnologiyaları departamenti,""2827000000"",""HR TechOps, performans və data funksional sahəsi"",""2829200000"",Ecosystem HR operations & Service Delivery,""2829230000"",Baş mütəxəssis,""4011"",""14"",Əmək məzuniyyət,20240705,20240707,3,A,VAC,20230728,20240728, 07/2024,""15392 `"",,,,,""08/07/2024"", 07/2024,,,,,20240613,0,0,0"
"2026-08-19 00:00:00.000,""10010"",Cəlilova Elmira Şirin,Təşkilati inkişaf və HR texnologiyaları departamenti,""2827000000"",""HR TechOps, performans və data funksional sahəsi"",""2829200000"",Ecosystem HR operations & Service Delivery,""2829230000"",Baş mütəxəssis,""4011"",""14"",Əmək məzuniyyət,20240712,20240714,3,A,VAC,20230728,20240728, 07/2024,""15409 `"",,,,,""15/07/2024"", 07/2024,,,,,20240613,0,0,0"
"2026-08-19 00:00:00.000,""10010"",Cəlilova Elmira Şirin,Təşkilati inkişaf və HR texnologiyaları departamenti,""2827000000"",""HR TechOps, performans və data funksional sahəsi"",""2829200000"",Ecosystem HR operations & Service Delivery,""2829230000"",Baş mütəxəssis,""4011"",""14"",Əmək məzuniyyət,20240719,20240721,3,A,VAC,20230728,20240728, 07/2024,""15391 `"",,,,,""22/07/2024"", 07/2024,,,,,20240613,0,0,0"
"2026-08-19 00:00:00.000,""10010"",Cəlilova Elmira Şirin,Təşkilati inkişaf və HR texnologiyaları departamenti,""2827000000"",""HR TechOps, performans və data funksional sahəsi"",""2829200000"",Ecosystem HR operations & Service Delivery,""2829230000"",Baş mütəxəssis,""4011"",""14"",Əmək məzuniyyət,20240726,20240728,3,A,VAC,20230728,20240728, 07/2024,""15390 `"",,,,,""29/07/2024"", 07/2024,,,,,20240613,0,0,0"
"2026-08-19 00:00:00.000,""10010"",Cəlilova Elmira Şirin,Təşkilati inkişaf və HR texnologiyaları departamenti,""2827000000"",""HR TechOps, performans və data funksional sahəsi"",""2829200000"",Ecosystem HR operations & Service Delivery,""2829230000"",Baş mütəxəssis,""4011"",""14"",Əmək məzuniyyət,20240802,20240804,3,A,VAC,20230728,20240728, 08/2024,""21856 `"",,,,,""05/08/2024"", 08/2024,,,,,20240730,0,0,0"
"2026-08-19 00:00:00.000,""10010"",Cəlilova Elmira Şirin,Təşkilati inkişaf və HR texnologiyaları departamenti,""2827000000"",""HR TechOps, performans və data funksional sahəsi"",""2829200000"",Ecosystem HR operations & Service Delivery,""2829230000"",Baş mütəxəssis,""4011"",""14"",Əmək məzuniyyət,20240809,20240811,3,A,VAC,20230728,20240728, 08/2024,""21891 `"",,,,,""12/08/2024"", 08/2024,,,,,20240730,0,0,0"
"2026-08-19 00:00:00.000,""10010"",Cəlilova Elmira Şirin,Təşkilati inkişaf və HR texnologiyaları departamenti,""2827000000"",""HR TechOps, performans və data funksional sahəsi"",""2829200000"",Ecosystem HR operations & Service Delivery,""2829230000"",Baş mütəxəssis,""4011"",""14"",Əmək məzuniyyət,20240816,20240818,3,A,VAC,20230728,20240728, 08/2024,""21866 `"",,,,,""19/08/2024"", 08/2024,,,,,20240730,0,0,0"
"2026-08-19 00:00:00.000,""10010"",Cəlilova Elmira Şirin,Təşkilati inkişaf və HR texnologiyaları departamenti,""2827000000"",""HR TechOps, performans və data funksional sahəsi"",""2829200000"",Ecosystem HR operations & Service Delivery,""2829230000"",Baş mütəxəssis,""4011"",""14"",Əmək məzuniyyət,20240823,20240825,3,A,VAC,20230728,20240728, 08/2024,""21892 `"",,,,,""26/08/2024"", 08/2024,,,,,20240730,0,0,0"
"2026-08-19 00:00:00.000,""10010"",Cəlilova Elmira Şirin,Təşkilati inkişaf və HR texnologiyaları departamenti,""2827000000"",""HR TechOps, performans və data funksional sahəsi"",""2829200000"",Ecosystem HR operations & Service Delivery,""2829230000"",Baş mütəxəssis,""4011"",""14"",Əmək məzuniyyət,20241003,20241003,1,A,VAC,20240728,20250728, 10/2024,""34581 `"",,,,,""04/10/2024"", 10/2024,,,,,20241021,0,0,0"
"2026-08-19 00:00:00.000,""10010"",Cəlilova Elmira Şirin,Təşkilati inkişaf və HR texnologiyaları departamenti,""2827000000"",""HR TechOps, performans və data funksional sahəsi"",""2829200000"",Ecosystem HR operations & Service Delivery,""2829230000"",Baş mütəxəssis,""4011"",""14"",Əmək məzuniyyət,20241004,20241006,3,A,VAC,20230728,20240728, 10/2024,""27287 `"",,,,,""07/10/2024"", 10/2024,,,,,20240904,0,0,0"
"2026-08-19 00:00:00.000,""10010"",Cəlilova Elmira Şirin,Təşkilati inkişaf və HR texnologiyaları departamenti,""2827000000"",""HR TechOps, performans və data funksional sahəsi"",""2829200000"",Ecosystem HR operations & Service Delivery,""2829230000"",Baş mütəxəssis,""4011"",""14"",Əmək məzuniyyət,20241007,20241010,4,A,VAC,20240728,20250728, 10/2024,""34583 `"",,,,,""11/10/2024"", 10/2024,,,,,20241021,0,0,0"
"2026-08-19 00:00:00.000,""10010"",Cəlilova Elmira Şirin,Təşkilati inkişaf və HR texnologiyaları departamenti,""2827000000"",""HR TechOps, performans və data funksional sahəsi"",""2829200000"",Ecosystem HR operations & Service Delivery,""2829230000"",Baş mütəxəssis,""4011"",""14"",Əmək məzuniyyət,20241011,20241013,3,A,VAC,20230728,20240728, 10/2024,""27286 `"",,,,,""14/10/2024"", 10/2024,,,,,20240904,0,0,0"
"2026-08-19 00:00:00.000,""10010"",Cəlilova Elmira Şirin,Təşkilati inkişaf və HR texnologiyaları departamenti,""2827000000"",""HR TechOps, performans və data funksional sahəsi"",""2829200000"",Ecosystem HR operations & Service Delivery,""2829230000"",Baş mütəxəssis,""4011"",""14"",Əmək məzuniyyət,20241014,20241015,2,A,VAC,20240728,20250728, 10/2024,""34582 `"",,,,,""16/10/2024"", 10/2024,,,,,20241021,0,0,0"
"2026-08-19 00:00:00.000,""10010"",Cəlilova Elmira Şirin,Təşkilati inkişaf və HR texnologiyaları departamenti,""2827000000"",""HR TechOps, performans və data funksional sahəsi"",""2829200000"",Ecosystem HR operations & Service Delivery,""2829230000"",Baş mütəxəssis,""4011"",""14"",Əmək məzuniyyət,20241018,20241020,3,A,VAC,20240728,20250728, 10/2024,""27288 `"",,,,,""21/10/2024"", 10/2024,,,,,20240904,0,0,0"
"2026-08-19 00:00:00.000,""10010"",Cəlilova Elmira Şirin,Təşkilati inkişaf və HR texnologiyaları departamenti,""2827000000"",""HR TechOps, performans və data funksional sahəsi"",""2829200000"",Ecosystem HR operations & Service Delivery,""2829230000"",Baş mütəxəssis,""4011"",""14"",Əmək məzuniyyət,20241025,20241027,3,A,VAC,20240728,20250728, 10/2024,""27289 `"",,,,,""28/10/2024"", 10/2024,,,,,20240904,0,0,0"
"2026-08-19 00:00:00.000,""10010"",Cəlilova Elmira Şirin,Təşkilati inkişaf və HR texnologiyaları departamenti,""2827000000"",""HR TechOps, performans və data funksional sahəsi"",""2829200000"",Ecosystem HR operations & Service Delivery,""2829230000"",Baş mütəxəssis,""4011"",""14"",Əmək məzuniyyət,20250221,20250223,3,A,VAC,20240728,20250728, 02/2025,""6669 `"",,-,,,""24/02/2025"", 02/2025,,,,,20250225,0,0,0"
"2026-08-19 00:00:00.000,""10010"",Cəlilova Elmira Şirin,Təşkilati inkişaf və HR texnologiyaları departamenti,""2827000000"",""HR TechOps, performans və data funksional sahəsi"",""2829200000"",Ecosystem HR operations & Service Delivery,""2829230000"",Baş mütəxəssis,""4011"",""14"",Əmək məzuniyyət,20250704,20250706,3,A,VAC,20240728,20250728, 07/2025,""23126 `"",,-,,,""07/07/2025"", 07/2025,,,,,20250707,0,0,0"
"2026-08-19 00:00:00.000,""10010"",Cəlilova Elmira Şirin,Təşkilati inkişaf və HR texnologiyaları departamenti,""2827000000"",""HR TechOps, performans və data funksional sahəsi"",""2829200000"",Ecosystem HR operations & Service Delivery,""2829230000"",Baş mütəxəssis,""4011"",""14"",Əmək məzuniyyət,20250711,20250713,3,A,VAC,20240728,20250728, 07/2025,""23131 `"",,-,,,""14/07/2025"", 07/2025,,,,,20250707,0,0,0"
"2026-08-19 00:00:00.000,""10010"",Cəlilova Elmira Şirin,Təşkilati inkişaf və HR texnologiyaları departamenti,""2827000000"",""HR TechOps, performans və data funksional sahəsi"",""2829200000"",Ecosystem HR operations & Service Delivery,""2829230000"",Baş mütəxəssis,""4011"",""14"",Əmək məzuniyyət,20250718,20250720,3,A,VAC,20240728,20250728, 07/2025,""23101 `"",,-,,,""21/07/2025"", 07/2025,,,,,20250707,0,0,0"
"2026-08-19 00:00:00.000,""10010"",Cəlilova Elmira Şirin,Təşkilati inkişaf və HR texnologiyaları departamenti,""2827000000"",""HR TechOps, performans və data funksional sahəsi"",""2829200000"",Ecosystem HR operations & Service Delivery,""2829230000"",Baş mütəxəssis,""4011"",""14"",Əmək məzuniyyət,20250725,20250727,3,A,VAC,20240728,20250728, 07/2025,""23116 `"",,-,,,""28/07/2025"", 07/2025,,,,,20250707,0,0,0"
"2026-08-19 00:00:00.000,""10010"",Cəlilova Elmira Şirin,Təşkilati inkişaf və HR texnologiyaları departamenti,""2827000000"",""HR TechOps, performans və data funksional sahəsi"",""2829200000"",Ecosystem HR operations & Service Delivery,""2829230000"",Baş mütəxəssis,""4011"",""14"",Əmək məzuniyyət,20251003,20251004,2,A,VAC,20240728,20250728, 10/2025,""38441/41868 `"",,-,,,""06/10/2025"", 10/2025,,,,,20250926,0,0,0"
"2026-08-19 00:00:00.000,""10010"",Cəlilova Elmira Şirin,Təşkilati inkişaf və HR texnologiyaları departamenti,""2827000000"",""HR TechOps, performans və data funksional sahəsi"",""2829200000"",Ecosystem HR operations & Service Delivery,""2829230000"",Baş mütəxəssis,""4011"",""14"",Əmək məzuniyyət,20251005,20251005,1,A,VAC,20250728,20260728, 10/2025,""38441/41868 `1"",,-,,,""06/10/2025"", 10/2025,,,,""42349"",20250926,0,0,0"
"2026-08-19 00:00:00.000,""10010"",Cəlilova Elmira Şirin,Təşkilati inkişaf və HR texnologiyaları departamenti,""2827000000"",""HR TechOps, performans və data funksional sahəsi"",""2829200000"",Ecosystem HR operations & Service Delivery,""2829230000"",Baş mütəxəssis,""4011"",""14"",Əmək məzuniyyət,20251010,20251012,3,A,VAC,20240728,20250728, 10/2025,""38424 `"",,-,,,""13/10/2025"", 09/2025,,,,,20250926,0,0,0"
"2026-08-19 00:00:00.000,""10010"",Cəlilova Elmira Şirin,Təşkilati inkişaf və HR texnologiyaları departamenti,""2827000000"",""HR TechOps, performans və data funksional sahəsi"",""2829200000"",Ecosystem HR operations & Service Delivery,""2829230000"",Baş mütəxəssis,""4011"",""14"",Əmək məzuniyyət,20251017,20251019,3,A,VAC,20250728,20260728, 10/2025,""38443/41868 `"",,-,,,""20/10/2025"", 10/2025,,,,,20250926,0,0,0"
"2026-08-19 00:00:00.000,""10010"",Cəlilova Elmira Şirin,Təşkilati inkişaf və HR texnologiyaları departamenti,""2827000000"",""HR TechOps, performans və data funksional sahəsi"",""2829200000"",Ecosystem HR operations & Service Delivery,""2829230000"",Baş mütəxəssis,""4011"",""14"",Əmək məzuniyyət,20251024,20251026,3,A,VAC,20240728,20250728, 10/2025,""38407 `"",,-,,,""27/10/2025"", 09/2025,,,,,20250926,0,0,0"
"2026-08-19 00:00:00.000,""10010"",Cəlilova Elmira Şirin,Təşkilati inkişaf və HR texnologiyaları departamenti,""2827000000"",""HR TechOps, performans və data funksional sahəsi"",""2829200000"",Ecosystem HR operations & Service Delivery,""2829230000"",Baş mütəxəssis,""4011"",""14"",Əmək məzuniyyət,20251031,20251102,3,A,VAC,20250728,20260728, 10/2025,""45093 `"",,-,,,""03/11/2025"", 10/2025,,,,,20251030,0,0,0"
"2026-08-19 00:00:00.000,""10010"",Cəlilova Elmira Şirin,Təşkilati inkişaf və HR texnologiyaları departamenti,""2827000000"",""HR TechOps, performans və data funksional sahəsi"",""2829200000"",Ecosystem HR operations & Service Delivery,""2829230000"",Baş mütəxəssis,""4011"",""14"",Əmək məzuniyyət,20251205,20251207,3,A,VAC,20250728,20260728, 12/2025,""52720 `"",,-,,,""08/12/2025"", 12/2025,,,,,20251224,0,0,0"
"2026-08-19 00:00:00.000,""10010"",Cəlilova Elmira Şirin,Təşkilati inkişaf və HR texnologiyaları departamenti,""2827000000"",""HR TechOps, performans və data funksional sahəsi"",""2829200000"",Ecosystem HR operations & Service Delivery,""2829230000"",Baş mütəxəssis,""4011"",""14"",Əmək məzuniyyət,20251212,20251214,3,A,VAC,20250728,20260728, 12/2025,""52719 `"",,-,,,""15/12/2025"", 12/2025,,,,,20251224,0,0,0"
"2026-08-19 00:00:00.000,""10010"",Cəlilova Elmira Şirin,Təşkilati inkişaf və HR texnologiyaları departamenti,""2827000000"",""HR TechOps, performans və data funksional sahəsi"",""2829200000"",Ecosystem HR operations & Service Delivery,""2829230000"",Baş mütəxəssis,""4011"",""14"",Əmək məzuniyyət,20251219,20251221,3,A,VAC,20250728,20260728, 12/2025,""52716 `"",,-,,,""22/12/2025"", 12/2025,,,,,20251224,0,0,0"
"2026-08-19 00:00:00.000,""10010"",Cəlilova Elmira Şirin,Təşkilati inkişaf və HR texnologiyaları departamenti,""2827000000"",""HR TechOps, performans və data funksional sahəsi"",""2829200000"",Ecosystem HR operations & Service Delivery,""2829230000"",Baş mütəxəssis,""4011"",""14"",Əmək məzuniyyət,20251226,20251228,3,A,VAC,20250728,20260728, 12/2025,""52715 `"",,-,,,""29/12/2025"", 12/2025,,,,,20251224,0,0,0"
"2026-08-19 00:00:00.000,""10010"",Cəlilova Elmira Şirin,Təşkilati inkişaf və HR texnologiyaları departamenti,""2827000000"",""HR TechOps, performans və data funksional sahəsi"",""2829200000"",Ecosystem HR operations & Service Delivery,""2829230000"",Baş mütəxəssis,""4011"",""14"",Əmək məzuniyyət,20260119,20260119,1,A,VAC,20250728,20260728, 01/2026,""3021 `"",,-,,,""21/01/2026"", 01/2026,,,,,20260127,0,0,0"
"2026-08-19 00:00:00.000,""10010"",Cəlilova Elmira Şirin,Təşkilati inkişaf və HR texnologiyaları departamenti,""2827000000"",""HR TechOps, performans və data funksional sahəsi"",""2829200000"",Ecosystem HR operations & Service Delivery,""2829230000"",Baş mütəxəssis,""4011"",""14"",Əmək məzuniyyət,20260121,20260123,3,A,VAC,20250728,20260728, 01/2026,""3019 `"",,-,,,""26/01/2026"", 01/2026,,,,,20260127,0,0,0"
"2026-08-19 00:00:00.000,""10010"",Cəlilova Elmira Şirin,Təşkilati inkişaf və HR texnologiyaları departamenti,""2827000000"",""HR TechOps, performans və data funksional sahəsi"",""2829200000"",Ecosystem HR operations & Service Delivery,""2829230000"",Baş mütəxəssis,""4011"",""14"",Əmək məzuniyyət,20260126,20260130,5,A,VAC,20250728,20260728, 01/2026,""3020 `"",,-,,,""02/02/2026"", 01/2026,,,,,20260127,0,0,0"
"2026-08-19 00:00:00.000,""10010"",Cəlilova Elmira Şirin,Təşkilati inkişaf və HR texnologiyaları departamenti,""2827000000"",""HR TechOps, performans və data funksional sahəsi"",""2829200000"",Ecosystem HR operations & Service Delivery,""2829230000"",Baş mütəxəssis,""4011"",""14"",Əmək məzuniyyət,20260703,20260705,3,A,VAC,20250728,20260728, 07/2026,""28300 `"",,-,,,""06/07/2026"", 07/2026,,,,,20260728,0,0,0"
"2026-08-19 00:00:00.000,""10010"",Cəlilova Elmira Şirin,Təşkilati inkişaf və HR texnologiyaları departamenti,""2827000000"",""HR TechOps, performans və data funksional sahəsi"",""2829200000"",Ecosystem HR operations & Service Delivery,""2829230000"",Baş mütəxəssis,""4011"",""14"",Əmək məzuniyyət,20260710,20260712,3,A,VAC,20250728,20260728, 07/2026,""28341 `"",,-,,,""13/07/2026"", 07/2026,,,,,20260728,0,0,0"
"2026-08-19 00:00:00.000,""10010"",Cəlilova Elmira Şirin,Təşkilati inkişaf və HR texnologiyaları departamenti,""2827000000"",""HR TechOps, performans və data funksional sahəsi"",""2829200000"",Ecosystem HR operations & Service Delivery,""2829230000"",Baş mütəxəssis,""4011"",""14"",Əmək məzuniyyət,20260717,20260718,2,A,VAC,20250728,20260728, 07/2026,""29156 `"",,-,,,""20/07/2026"", 07/2026,,,,,20260731,0,0,0"
"2026-08-19 00:00:00.000,""10010"",Cəlilova Elmira Şirin,Təşkilati inkişaf və HR texnologiyaları departamenti,""2827000000"",""HR TechOps, performans və data funksional sahəsi"",""2829200000"",Ecosystem HR operations & Service Delivery,""2829230000"",Baş mütəxəssis,""4011"",""14"",Əmək məzuniyyət,20260719,20260719,1,A,VAC,20260728,20270728, 07/2026,""29156 `1"",,,,,""20/07/2026"", 07/2026,,,,""47733"",20260731,0,0,0"
"2026-08-19 00:00:00.000,""10010"",Cəlilova Elmira Şirin,Təşkilati inkişaf və HR texnologiyaları departamenti,""2827000000"",""HR TechOps, performans və data funksional sahəsi"",""2829200000"",Ecosystem HR operations & Service Delivery,""2829230000"",Baş mütəxəssis,""4011"",""14"",Əmək məzuniyyət,20260724,20260726,3,A,VAC,20260728,20270728, 07/2026,""29138`"",,,,,""27/07/2026"", 07/2026,,,,""47734"",20260731,0,0,0"
"2026-08-19 00:00:00.000,""10010"",Cəlilova Elmira Şirin,Təşkilati inkişaf və HR texnologiyaları departamenti,""2827000000"",""HR TechOps, performans və data funksional sahəsi"",""2829200000"",Ecosystem HR operations & Service Delivery,""2829230000"",Baş mütəxəssis,""4011"",""30"",Məzuniyyətdən geri çağırılma,20161110,20161130,21,,VAC,0,0, 04/2017,""600`"",,,,,,,,,,""37533"",20170410,0,0,0"
"2026-08-19 00:00:00.000,""10010"",Cəlilova Elmira Şirin,Təşkilati inkişaf və HR texnologiyaları departamenti,""2827000000"",""HR TechOps, performans və data funksional sahəsi"",""2829200000"",Ecosystem HR operations & Service Delivery,""2829230000"",Baş mütəxəssis,""4011"",""30"",Məzuniyyətdən geri çağırılma,20161201,20161211,11,,VAC,0,0, 12/2016,,,,,,,,,,,""26839"",0,0,0,0"
"2026-08-19 00:00:00.000,""10011"",Cavadova Aytən Rəhim,Kadr Mərkəzi,""10300001"",-,-,-,-,Aparıcı mütəxəssis,APMWT,""14"",Əmək məzuniyyət,20101122,20101229,38,,VAC,0,0, 11/2010,""491`"",,,,,,,,,,""00733"",20101110,0,0,0"
"2026-08-19 00:00:00.000,""10011"",Cavadova Aytən Rəhim,Kadr Mərkəzi,""10300001"",-,-,-,-,Aparıcı mütəxəssis,APMWT,""18"",Uşağa qulluğa qörə məzuniyyət (Q. Sosial məzuniyyət),20101230,20110131,29,,VAC,0,0, 12/2010,,,,,,,,,,,""19773"",0,0,0,0"
"2026-08-19 00:00:00.000,""10011"",Cavadova Aytən Rəhim,Kadr Mərkəzi,""10300001"",-,-,-,-,Aparıcı mütəxəssis,APMWT,""18"",Uşağa qulluğa qörə məzuniyyət (Q. Sosial məzuniyyət),20110201,20110630,140,,VAC,0,0, 02/2011,,,,,,,,,,,""08772"",0,0,0,0"
"2026-08-19 00:00:00.000,""10011"",Cavadova Aytən Rəhim,Kadr Mərkəzi,""10300001"",-,-,-,-,Aparıcı mütəxəssis,APMWT,""18"",Uşağa qulluğa qörə məzuniyyət (Q. Sosial məzuniyyət),20110701,20110901,61,,VAC,0,0, 07/2011,""193`"",,,,,,,,,,""06249"",20110630,0,0,0"
"2026-08-19 00:00:00.000,""10011"",Cavadova Aytən Rəhim,Kadr Mərkəzi,""10300001"",-,-,-,-,Aparıcı mütəxəssis,APMWT,""19"",Analıq  məzuniyyəti (Hamiləlik və doğuşa görə məzuniyyət),20101101,20101121,18,,VAC,0,0, 11/2010,,,,,,,,,,,""13964"",0,0,0,0"
"2026-08-19 00:00:00.000,""10012"",Eyvazov Niyazi Abuzər,Hüquq departamenti,""2300000000"",Arxiv şöbəsi,""2300001000"",-,-,Baş mütəxəssis,""4011"",""14"",Əmək məzuniyyət,20101018,20101029,12,,VAC,0,0, 10/2010,""434`"",,,,,,,,,,""00881"",20101013,0,0,0"
"2026-08-19 00:00:00.000,""10012"",Eyvazov Niyazi Abuzər,Hüquq departamenti,""2300000000"",Arxiv şöbəsi,""2300001000"",-,-,Baş mütəxəssis,""4011"",""14"",Əmək məzuniyyət,20101217,20101227,11,,VAC,0,0, 12/2010,""558`"",,,,,,,,,,""14736"",20101215,0,0,0"
"2026-08-19 00:00:00.000,""10012"",Eyvazov Niyazi Abuzər,Hüquq departamenti,""2300000000"",Arxiv şöbəsi,""2300001000"",-,-,Baş mütəxəssis,""4011"",""14"",Əmək məzuniyyət,20110606,20110621,15,,VAC,0,0, 06/2011,""150`"",,,,,,,,,,""21328"",20110527,0,0,0"
"2026-08-19 00:00:00.000,""10012"",Eyvazov Niyazi Abuzər,Hüquq departamenti,""2300000000"",Arxiv şöbəsi,""2300001000"",-,-,Baş mütəxəssis,""4011"",""14"",Əmək məzuniyyət,20111208,20111229,22,,VAC,0,0, 12/2011,""464`"",,,,,,,,,,""11589"",20111202,0,0,0"
"2026-08-19 00:00:00.000,""10012"",Eyvazov Niyazi Abuzər,Hüquq departamenti,""2300000000"",Arxiv şöbəsi,""2300001000"",-,-,Baş mütəxəssis,""4011"",""14"",Əmək məzuniyyət,20120809,20120824,14,,VAC,0,0, 08/2012,""305`"",,,,,,,,,,""07058"",20120806,0,0,0"
"2026-08-19 00:00:00.000,""10012"",Eyvazov Niyazi Abuzər,Hüquq departamenti,""2300000000"",Arxiv şöbəsi,""2300001000"",-,-,Baş mütəxəssis,""4011"",""14"",Əmək məzuniyyət,20121018,20121109,20,,VAC,0,0, 10/2012,""435`"",,,,,,,,,,""33377"",20121016,0,0,0"
"2026-08-19 00:00:00.000,""10012"",Eyvazov Niyazi Abuzər,Hüquq departamenti,""2300000000"",Arxiv şöbəsi,""2300001000"",-,-,Baş mütəxəssis,""4011"",""14"",Əmək məzuniyyət,20121226,20121228,3,,VAC,0,0, 12/2012,""572`"",,,,,,,,,,""16265"",20121225,0,0,0"
"2026-08-19 00:00:00.000,""10012"",Eyvazov Niyazi Abuzər,Hüquq departamenti,""2300000000"",Arxiv şöbəsi,""2300001000"",-,-,Baş mütəxəssis,""4011"",""14"",Əmək məzuniyyət,20130425,20130508,14,,VAC,0,0, 04/2013,""173`"",,,,,,,,,,""33430"",20130424,0,0,0"
"2026-08-19 00:00:00.000,""10012"",Eyvazov Niyazi Abuzər,Hüquq departamenti,""2300000000"",Arxiv şöbəsi,""2300001000"",-,-,Baş mütəxəssis,""4011"",""14"",Əmək məzuniyyət,20131112,20131204,23,,VAC,0,0, 11/2013,""621`"",,,,,,,,,,""38481"",20131030,0,0,0"
"2026-08-19 00:00:00.000,""10012"",Eyvazov Niyazi Abuzər,Hüquq departamenti,""2300000000"",Arxiv şöbəsi,""2300001000"",-,-,Baş mütəxəssis,""4011"",""14"",Əmək məzuniyyət,20140707,20140727,21,,VAC,0,0, 07/2014,""436`"",,,,,,,,,,""29318"",20140627,0,0,0"
"2026-08-19 00:00:00.000,""10012"",Eyvazov Niyazi Abuzər,Hüquq departamenti,""2300000000"",Arxiv şöbəsi,""2300001000"",-,-,Baş mütəxəssis,""4011"",""14"",Əmək məzuniyyət,20140716,20140716,1,,VAC,0,0, 07/2014,""510`"",,,,,,,,,,""06749"",20140715,0,0,0"
"2026-08-19 00:00:00.000,""10012"",Eyvazov Niyazi Abuzər,Hüquq departamenti,""2300000000"",Arxiv şöbəsi,""2300001000"",-,-,Baş mütəxəssis,""4011"",""14"",Əmək məzuniyyət,20140822,20140824,3,,VAC,0,0, 08/2014,""656`"",,,,,,,,,,""24225"",20140820,0,0,0"
"2026-08-19 00:00:00.000,""10012"",Eyvazov Niyazi Abuzər,Hüquq departamenti,""2300000000"",Arxiv şöbəsi,""2300001000"",-,-,Baş mütəxəssis,""4011"",""14"",Əmək məzuniyyət,20141022,20141102,12,,VAC,0,0, 10/2014,""846`"",,,,,,,,,,""03514"",20141015,0,0,0"
"2026-08-19 00:00:00.000,""10003"",Şirəliyev Murad Oqtay,Rəhbərlik,""10100000"",-,-,-,-,Idarə Heyətinin Sədrinin Müavini,IHSM,""14"",Əmək məzuniyyət,20101019,20101030,12,,VAC,0,0, 10/2010,""432`"",,,,,,,,,,""12142"",20101012,0,0,0"
"2026-08-19 00:00:00.000,""10003"",Şirəliyev Murad Oqtay,Rəhbərlik,""10100000"",-,-,-,-,Idarə Heyətinin Sədrinin Müavini,IHSM,""14"",Əmək məzuniyyət,20110823,20110827,5,,VAC,0,0, 08/2011,""288`"",,,,,,,,,,""33236"",20110822,0,0,0"
"2026-08-19 00:00:00.000,""10003"",Şirəliyev Murad Oqtay,Rəhbərlik,""10100000"",-,-,-,-,Idarə Heyətinin Sədrinin Müavini,IHSM,""14"",Əmək məzuniyyət,20111228,20120129,29,,VAC,0,0, 12/2011,""467`"",,,,,,,,,,""32541"",20111205,0,0,0"
"2026-08-19 00:00:00.000,""10003"",Şirəliyev Murad Oqtay,Rəhbərlik,""10100000"",-,-,-,-,Idarə Heyətinin Sədrinin Müavini,IHSM,""14"",Əmək məzuniyyət,20120903,20120907,5,,VAC,0,0, 09/2012,""351`"",,,,,,,,,,""25777"",20120830,0,0,0"
"2026-08-19 00:00:00.000,""10003"",Şirəliyev Murad Oqtay,Rəhbərlik,""10100000"",-,-,-,-,Idarə Heyətinin Sədrinin Müavini,IHSM,""14"",Əmək məzuniyyət,20120924,20121005,12,,VAC,0,0, 09/2012,""385`"",,,,,,,,,,""34613"",20120919,0,0,0"
"2026-08-19 00:00:00.000,""10003"",Şirəliyev Murad Oqtay,Rəhbərlik,""10100000"",-,-,-,-,Idarə Heyətinin Sədrinin Müavini,IHSM,""14"",Əmək məzuniyyət,20121113,20121201,19,,VAC,0,0, 11/2012,""478`"",,,,,,,,,,""32411"",20121106,0,0,0"
"2026-08-19 00:00:00.000,""10003"",Şirəliyev Murad Oqtay,Rəhbərlik,""10100000"",-,-,-,-,Idarə Heyətinin Sədrinin Müavini,IHSM,""14"",Əmək məzuniyyət,20130304,20130330,21,,VAC,0,0, 03/2013,""93`"",,,,,,,,,,""02679"",20130227,0,0,0"
"2026-08-19 00:00:00.000,""10003"",Şirəliyev Murad Oqtay,Rəhbərlik,""10100000"",-,-,-,-,Idarə Heyətinin Sədrinin Müavini,IHSM,""14"",Əmək məzuniyyət,20130819,20130823,5,,VAC,0,0, 08/2013,""388`"",,,,,,,,,,""25180"",20130806,0,0,0"
"2026-08-19 00:00:00.000,""10003"",Şirəliyev Murad Oqtay,Rəhbərlik,""10100000"",-,-,-,-,Idarə Heyətinin Sədrinin Müavini,IHSM,""14"",Əmək məzuniyyət,20140203,20140206,4,,VAC,0,0, 02/2014,""59`"",,,,,,,,,,""31495"",20140131,0,0,0"
"2026-08-19 00:00:00.000,""10003"",Şirəliyev Murad Oqtay,Rəhbərlik,""10100000"",-,-,-,-,Idarə Heyətinin Sədrinin Müavini,IHSM,""14"",Əmək məzuniyyət,20140407,20140411,5,,VAC,0,0, 04/2014,""163`"",,,,,,,,,,""36247"",20140319,0,0,0"
"2026-08-19 00:00:00.000,""10003"",Şirəliyev Murad Oqtay,Rəhbərlik,""10100000"",-,-,-,-,Idarə Heyətinin Sədrinin Müavini,IHSM,""14"",Əmək məzuniyyət,20140512,20140516,5,,VAC,0,0, 05/2014,""261`"",,,,,,,,,,""05054"",20140502,0,0,0"
"2026-08-19 00:00:00.000,""10003"",Şirəliyev Murad Oqtay,Rəhbərlik,""10100000"",-,-,-,-,Idarə Heyətinin Sədrinin Müavini,IHSM,""14"",Əmək məzuniyyət,20140818,20140822,5,,VAC,0,0, 08/2014,""639`"",,,,,,,,,,""35684"",20140814,0,0,0"
"2026-08-19 00:00:00.000,""10003"",Şirəliyev Murad Oqtay,Rəhbərlik,""10100000"",-,-,-,-,Idarə Heyətinin Sədrinin Müavini,IHSM,""14"",Əmək məzuniyyət,20140901,20140905,5,,VAC,0,0, 09/2014,""681`"",,,,,,,,,,""18206"",20140826,0,0,0"
"2026-08-19 00:00:00.000,""10003"",Şirəliyev Murad Oqtay,Rəhbərlik,""10100000"",-,-,-,-,Idarə Heyətinin Sədrinin Müavini,IHSM,""14"",Əmək məzuniyyət,20141013,20141024,12,,VAC,0,0, 10/2014,""834`"",,,,,,,,,,""16579"",20141010,0,0,0"
"2026-08-19 00:00:00.000,""10003"",Şirəliyev Murad Oqtay,Rəhbərlik,""10100000"",-,-,-,-,Idarə Heyətinin Sədrinin Müavini,IHSM,""14"",Əmək məzuniyyət,20150105,20150115,11,,VAC,0,0, 01/2015,""1141`"",,,,,,,,,,""06128"",20141209,0,0,0"
"2026-08-19 00:00:00.000,""10003"",Şirəliyev Murad Oqtay,Rəhbərlik,""10100000"",-,-,-,-,Idarə Heyətinin Sədrinin Müavini,IHSM,""14"",Əmək məzuniyyət,20150329,20150417,20,,VAC,0,0, 03/2015,""257`"",,,,,,,,,,""11812"",20150319,0,0,0"
"2026-08-19 00:00:00.000,""10003"",Şirəliyev Murad Oqtay,Rəhbərlik,""10100000"",-,-,-,-,Idarə Heyətinin Sədrinin Müavini,IHSM,""14"",Əmək məzuniyyət,20150616,20150619,4,,VAC,0,0, 06/2015,""535`"",,,,,,,,,,""04052"",20150609,0,0,0"
"2026-08-19 00:00:00.000,""10003"",Şirəliyev Murad Oqtay,Rəhbərlik,""10100000"",-,-,-,-,Idarə Heyətinin Sədrinin Müavini,IHSM,""16"",Xəstəlik vərəgəsi,20111006,20111014,7,,RAB,0,0, 10/2011,,,,,,,,,,,""22241"",0,0,0,0"
"2026-08-19 00:00:00.000,""10003"",Şirəliyev Murad Oqtay,Rəhbərlik,""10100000"",-,-,-,-,Idarə Heyətinin Sədrinin Müavini,IHSM,""16"",Xəstəlik vərəgəsi,20140611,20140614,3,,RAB,0,0, 06/2014,,,SN 00004648395,,,,,,,,""35989"",0,20140611,0,0"
"2026-08-19 00:00:00.000,""10003"",Şirəliyev Murad Oqtay,Rəhbərlik,""10100000"",-,-,-,-,Idarə Heyətinin Sədrinin Müavini,IHSM,""23"",Ödənişsiz məzuniyyət,20101129,20101201,3,,VAC,0,0, 11/2010,""517`"",,,,,,,,,,""38511"",20101125,0,0,0"
"2026-08-19 00:00:00.000,""10003"",Şirəliyev Murad Oqtay,Rəhbərlik,""10100000"",-,-,-,-,Idarə Heyətinin Sədrinin Müavini,IHSM,""23"",Ödənişsiz məzuniyyət,20120507,20120508,2,,VAC,0,0, 05/2012,,,,,,,,,,,""38779"",0,0,0,0"
"2026-08-19 00:00:00.000,""10003"",Şirəliyev Murad Oqtay,Rəhbərlik,""10100000"",-,-,-,-,Idarə Heyətinin Sədrinin Müavini,IHSM,""40"",Işdən azad olduğda məzun.kompensasiya,20150723,20150728,6,,VAC,0,0, 07/2015,,,,,,,,,,,""05605"",0,0,0,0"
"2026-08-19 00:00:00.000,""10008"",Nəsibova Sultanxanım Məhəmməd,Kadr Mərkəzi,""10300001"",-,-,-,-,Şöbə Rəisi,>[B'R,""14"",Əmək məzuniyyət,20110822,20110907,15,,VAC,0,0, 08/2011,""284`"",,,,,,,,,,""28628"",20110817,0,0,0"
"2026-08-19 00:00:00.000,""10008"",Nəsibova Sultanxanım Məhəmməd,Kadr Mərkəzi,""10300001"",-,-,-,-,Şöbə Rəisi,>[B'R,""22"",Öz hesabına (Işə qəlməmə),20120602,20120630,27,,VAC,0,0, 06/2012,,,,,,,,,,,""33018"",0,0,0,0"
"2026-08-19 00:00:00.000,""10009"",Əliyeva Tamara Imran,Insan resurslarının idarə edilməsi,""2047000000"",Əmək münasibətlərinin idarə edilməsi şöbəsi,""2047020000"",-,-,Şöbə rəisi,""4013"",""14"",Əmək məzuniyyət,20101216,20101229,14,,VAC,0,0, 12/2010,""558`"",,,,,,,,,,""00351"",20101215,0,0,0"
"2026-08-19 00:00:00.000,""10009"",Əliyeva Tamara Imran,Insan resurslarının idarə edilməsi,""2047000000"",Əmək münasibətlərinin idarə edilməsi şöbəsi,""2047020000"",-,-,Şöbə rəisi,""4013"",""14"",Əmək məzuniyyət,20110929,20111104,37,,VAC,0,0, 09/2011,""341`"",,,,,,,,,,""07898"",20110922,0,0,0"
"2026-08-19 00:00:00.000,""10009"",Əliyeva Tamara Imran,Insan resurslarının idarə edilməsi,""2047000000"",Əmək münasibətlərinin idarə edilməsi şöbəsi,""2047020000"",-,-,Şöbə rəisi,""4013"",""14"",Əmək məzuniyyət,20121011,20121119,37,,VAC,0,0, 10/2012,""418`"",,,,,,,,,,""18686"",20121003,0,0,0"
"2026-08-19 00:00:00.000,""10009"",Əliyeva Tamara Imran,Insan resurslarının idarə edilməsi,""2047000000"",Əmək münasibətlərinin idarə edilməsi şöbəsi,""2047020000"",-,-,Şöbə rəisi,""4013"",""14"",Əmək məzuniyyət,20130514,20130524,11,,VAC,0,0, 05/2013,""206`"",,,,,,,,,,""34319"",20130514,0,0,0"
"2026-08-19 00:00:00.000,""10009"",Əliyeva Tamara Imran,Insan resurslarının idarə edilməsi,""2047000000"",Əmək münasibətlərinin idarə edilməsi şöbəsi,""2047020000"",-,-,Şöbə rəisi,""4013"",""14"",Əmək məzuniyyət,20131010,20131106,26,,VAC,0,0, 10/2013,""535`"",,,,,,,,,,""04216"",20131002,0,0,0"
"2026-08-19 00:00:00.000,""10009"",Əliyeva Tamara Imran,Insan resurslarının idarə edilməsi,""2047000000"",Əmək münasibətlərinin idarə edilməsi şöbəsi,""2047020000"",-,-,Şöbə rəisi,""4013"",""14"",Əmək məzuniyyət,20140730,20140803,5,,VAC,0,0, 07/2014,""564`"",,,,,,,,,,""27579"",20140725,0,0,0"
"2026-08-19 00:00:00.000,""10009"",Əliyeva Tamara Imran,Insan resurslarının idarə edilməsi,""2047000000"",Əmək münasibətlərinin idarə edilməsi şöbəsi,""2047020000"",-,-,Şöbə rəisi,""4013"",""14"",Əmək məzuniyyət,20141111,20141212,32,,VAC,0,0, 11/2014,""906`"",,,,,,,,,,""12262"",20141103,0,0,0"
"2026-08-19 00:00:00.000,""10009"",Əliyeva Tamara Imran,Insan resurslarının idarə edilməsi,""2047000000"",Əmək münasibətlərinin idarə edilməsi şöbəsi,""2047020000"",-,-,Şöbə rəisi,""4013"",""14"",Əmək məzuniyyət,20150821,20150928,37,,VAC,0,0, 08/2015,""939`"",,,,,,,,,,""33880"",20150820,0,0,0"
"2026-08-19 00:00:00.000,""10001"",Məmmədov Elmar Məmməd,Rəhbərlik,""10100000"",-,-,-,-,Idarə Heyətinin Sədri,IHS,""14"",Əmək məzuniyyət,20100913,20100924,12,,VAC,0,0, 09/2010,""375`"",,,,,,,,,,""00048"",20100907,0,0,0"
"2026-08-19 00:00:00.000,""10001"",Məmmədov Elmar Məmməd,Rəhbərlik,""10100000"",-,-,-,-,Idarə Heyətinin Sədri,IHS,""14"",Əmək məzuniyyət,20110214,20110219,6,,VAC,0,0, 02/2011,""40 >"",,,,,,,,,,""03880"",20110211,0,0,0"
"2026-08-19 00:00:00.000,""10001"",Məmmədov Elmar Məmməd,Rəhbərlik,""10100000"",-,-,-,-,Idarə Heyətinin Sədri,IHS,""14"",Əmək məzuniyyət,20110220,20110222,3,,VAC,0,0, 02/2011,""40>"",,,,,,,,,,""17641"",20110211,0,0,0"
"2026-08-19 00:00:00.000,""10001"",Məmmədov Elmar Məmməd,Rəhbərlik,""10100000"",-,-,-,-,Idarə Heyətinin Sədri,IHS,""14"",Əmək məzuniyyət,20110613,20110624,11,,VAC,0,0, 06/2011,""167`"",,,,,,,,,,""16997"",20110609,0,0,0"
"2026-08-19 00:00:00.000,""10001"",Məmmədov Elmar Məmməd,Rəhbərlik,""10100000"",-,-,-,-,Idarə Heyətinin Sədri,IHS,""14"",Əmək məzuniyyət,20110926,20111013,18,,VAC,0,0, 09/2011,""336`"",,,,,,,,,,""07332"",20110921,0,0,0"
"2026-08-19 00:00:00.000,""10001"",Məmmədov Elmar Məmməd,Rəhbərlik,""10100000"",-,-,-,-,Idarə Heyətinin Sədri,IHS,""14"",Əmək məzuniyyət,20111219,20111222,4,,VAC,0,0, 12/2011,""455>"",,,,,,,,,,""22743"",0,0,0,0"
"2026-08-19 00:00:00.000,""10001"",Məmmədov Elmar Məmməd,Rəhbərlik,""10100000"",-,-,-,-,Idarə Heyətinin Sədri,IHS,""14"",Əmək məzuniyyət,20120207,20120214,8,,VAC,0,0, 02/2012,""43`"",,,,,,,,,,""10044"",20120206,0,0,0"
"2026-08-19 00:00:00.000,""10001"",Məmmədov Elmar Məmməd,Rəhbərlik,""10100000"",-,-,-,-,Idarə Heyətinin Sədri,IHS,""14"",Əmək məzuniyyət,20120813,20120817,5,,VAC,0,0, 08/2012,""314>"",,,,,,,,,,""33717"",20120810,0,0,0"
